Case;VehCat;Year;TrafficScenario;Component;RoadCat;TrafficSit;Gradient;V_weighted;EFA_weighted;AmbientCondPattern;EFA_WTT_weighted;EFA_WTW_weighted
2020_Average_perVehCat_Bln_carOnly[4.1];pass. car;2020;REF D HB41;HC;MW;RUR/MW/>130/Freeflow;0%;142.7671356;0.025177279;ØGermany;;
2020_Average_perVehCat_Bln_carOnly[4.1];pass. car;2020;REF D HB41;HC;MW;RUR/MW/>130/St+Go;0%;17.91503143;0.020191479;ØGermany;;
2020_Average_perVehCat_Bln_carOnly[4.1];pass. car;2020;REF D HB41;HC;MW;URB/MW-Nat./80/Freeflow;0%;79.03366089;0.008116825;ØGermany;;
2020_Average_perVehCat_Bln_carOnly[4.1];pass. car;2020;REF D HB41;HC;MW;URB/MW-Nat./80/St+Go;0%;15.47382641;0.022408267;ØGermany;;
2020_Average_perVehCat_Bln_carOnly[4.1];pass. car;2020;REF D HB41;HC;Urban;URB/MW-City/60/Freeflow;0%;62.73362732;0.007220936;ØGermany;;
2020_Average_perVehCat_Bln_carOnly[4.1];pass. car;2020;REF D HB41;HC;Urban;URB/MW-City/60/St+Go;0%;13.26994896;0.024858857;ØGermany;;
2020_Average_perVehCat_Bln_carOnly[4.1];pass. car;2020;REF D HB41;HC;Urban;URB/MW-City/70/Freeflow;0%;69.43365479;0.00750259;ØGermany;;
2020_Average_perVehCat_Bln_carOnly[4.1];pass. car;2020;REF D HB41;HC;Urban;URB/MW-City/70/St+Go;0%;14.39977264;0.02317334;ØGermany;;
2020_Average_perVehCat_Bln_carOnly[4.1];pass. car;2020;REF D HB41;HC;Urban;URB/Trunk-City/50/Freeflow;0%;49.35812759;0.009990068;ØGermany;;
2020_Average_perVehCat_Bln_carOnly[4.1];pass. car;2020;REF D HB41;HC;Urban;URB/Trunk-City/50/St+Go;0%;12.48863125;0.022639086;ØGermany;;
2020_Average_perVehCat_Bln_carOnly[4.1];pass. car;2020;REF D HB41;HC;Urban;URB/Trunk-City/60/Freeflow;0%;57.2092247;0.011506032;ØGermany;;
2020_Average_perVehCat_Bln_carOnly[4.1];pass. car;2020;REF D HB41;HC;Urban;URB/Trunk-City/60/St+Go;0%;12.48863316;0.022639077;ØGermany;;
2020_Average_perVehCat_Bln_carOnly[4.1];pass. car;2020;REF D HB41;HC;Urban;URB/Distr/50/Freeflow;0%;42.95035934;0.011240884;ØGermany;;
2020_Average_perVehCat_Bln_carOnly[4.1];pass. car;2020;REF D HB41;HC;Urban;URB/Distr/50/St+Go;0%;12.48866653;0.022638824;ØGermany;;
2020_Average_perVehCat_Bln_carOnly[4.1];pass. car;2020;REF D HB41;HC;Urban;URB/Distr/60/Freeflow;0%;52.00070953;0.010745386;ØGermany;;
2020_Average_perVehCat_Bln_carOnly[4.1];pass. car;2020;REF D HB41;HC;Urban;URB/Distr/60/St+Go;0%;12.48833656;0.022641018;ØGermany;;
2020_Average_perVehCat_Bln_carOnly[4.1];pass. car;2020;REF D HB41;HC;Urban;URB/Local/50/Freeflow;0%;41.66275787;0.010469965;ØGermany;;
2020_Average_perVehCat_Bln_carOnly[4.1];pass. car;2020;REF D HB41;HC;Urban;URB/Local/50/St+Go;0%;12.48863316;0.022639077;ØGermany;;
2020_Average_perVehCat_Bln_carOnly[4.1];pass. car;2020;REF D HB41;HC;Urban;URB/Local/60/Freeflow;0%;51.16705322;0.010789411;ØGermany;;
2020_Average_perVehCat_Bln_carOnly[4.1];pass. car;2020;REF D HB41;HC;Urban;URB/Local/60/St+Go;0%;12.48848057;0.022638973;ØGermany;;
2020_Average_perVehCat_Bln_carOnly[4.1];pass. car;2020;REF D HB41;HC;Urban;URB/Access/30/Freeflow;0%;28.912714;0.012028748;ØGermany;;
2020_Average_perVehCat_Bln_carOnly[4.1];pass. car;2020;REF D HB41;HC;Urban;URB/Access/30/St+Go;0%;9.621914864;0.025381573;ØGermany;;
2020_Average_perVehCat_Bln_carOnly[4.1];pass. car;2020;REF D HB41;HC;Urban;URB/Access/40/Freeflow;0%;35.62506104;0.011265839;ØGermany;;
2020_Average_perVehCat_Bln_carOnly[4.1];pass. car;2020;REF D HB41;HC;Urban;URB/Access/40/St+Go;0%;11.82717037;0.022463679;ØGermany;;
2020_Average_perVehCat_Bln_carOnly[4.1];pass. car;2020;REF D HB41;CO;MW;RUR/MW/>130/Freeflow;0%;142.7671356;3.569770098;ØGermany;;
2020_Average_perVehCat_Bln_carOnly[4.1];pass. car;2020;REF D HB41;CO;MW;RUR/MW/>130/St+Go;0%;17.91503143;0.402947664;ØGermany;;
2020_Average_perVehCat_Bln_carOnly[4.1];pass. car;2020;REF D HB41;CO;MW;URB/MW-Nat./80/Freeflow;0%;79.03366089;0.182541102;ØGermany;;
2020_Average_perVehCat_Bln_carOnly[4.1];pass. car;2020;REF D HB41;CO;MW;URB/MW-Nat./80/St+Go;0%;15.47382641;0.60855186;ØGermany;;
2020_Average_perVehCat_Bln_carOnly[4.1];pass. car;2020;REF D HB41;CO;Urban;URB/MW-City/60/Freeflow;0%;62.73362732;0.140301973;ØGermany;;
2020_Average_perVehCat_Bln_carOnly[4.1];pass. car;2020;REF D HB41;CO;Urban;URB/MW-City/60/St+Go;0%;13.26994896;0.514623106;ØGermany;;
2020_Average_perVehCat_Bln_carOnly[4.1];pass. car;2020;REF D HB41;CO;Urban;URB/MW-City/70/Freeflow;0%;69.43365479;0.152026534;ØGermany;;
2020_Average_perVehCat_Bln_carOnly[4.1];pass. car;2020;REF D HB41;CO;Urban;URB/MW-City/70/St+Go;0%;14.39977264;0.449759513;ØGermany;;
2020_Average_perVehCat_Bln_carOnly[4.1];pass. car;2020;REF D HB41;CO;Urban;URB/Trunk-City/50/Freeflow;0%;49.35812759;0.190928459;ØGermany;;
2020_Average_perVehCat_Bln_carOnly[4.1];pass. car;2020;REF D HB41;CO;Urban;URB/Trunk-City/50/St+Go;0%;12.48863125;0.33820346;ØGermany;;
2020_Average_perVehCat_Bln_carOnly[4.1];pass. car;2020;REF D HB41;CO;Urban;URB/Trunk-City/60/Freeflow;0%;57.2092247;0.571659505;ØGermany;;
2020_Average_perVehCat_Bln_carOnly[4.1];pass. car;2020;REF D HB41;CO;Urban;URB/Trunk-City/60/St+Go;0%;12.48863316;0.3382034;ØGermany;;
2020_Average_perVehCat_Bln_carOnly[4.1];pass. car;2020;REF D HB41;CO;Urban;URB/Distr/50/Freeflow;0%;42.95035934;0.216030806;ØGermany;;
2020_Average_perVehCat_Bln_carOnly[4.1];pass. car;2020;REF D HB41;CO;Urban;URB/Distr/50/St+Go;0%;12.48866653;0.338202536;ØGermany;;
2020_Average_perVehCat_Bln_carOnly[4.1];pass. car;2020;REF D HB41;CO;Urban;URB/Distr/60/Freeflow;0%;52.00070953;0.223907322;ØGermany;;
2020_Average_perVehCat_Bln_carOnly[4.1];pass. car;2020;REF D HB41;CO;Urban;URB/Distr/60/St+Go;0%;12.48833656;0.338200361;ØGermany;;
2020_Average_perVehCat_Bln_carOnly[4.1];pass. car;2020;REF D HB41;CO;Urban;URB/Local/50/Freeflow;0%;41.66275787;0.19335942;ØGermany;;
2020_Average_perVehCat_Bln_carOnly[4.1];pass. car;2020;REF D HB41;CO;Urban;URB/Local/50/St+Go;0%;12.48863316;0.3382034;ØGermany;;
2020_Average_perVehCat_Bln_carOnly[4.1];pass. car;2020;REF D HB41;CO;Urban;URB/Local/60/Freeflow;0%;51.16705322;0.222138226;ØGermany;;
2020_Average_perVehCat_Bln_carOnly[4.1];pass. car;2020;REF D HB41;CO;Urban;URB/Local/60/St+Go;0%;12.48848057;0.33820197;ØGermany;;
2020_Average_perVehCat_Bln_carOnly[4.1];pass. car;2020;REF D HB41;CO;Urban;URB/Access/30/Freeflow;0%;28.912714;0.210973471;ØGermany;;
2020_Average_perVehCat_Bln_carOnly[4.1];pass. car;2020;REF D HB41;CO;Urban;URB/Access/30/St+Go;0%;9.621914864;0.363548815;ØGermany;;
2020_Average_perVehCat_Bln_carOnly[4.1];pass. car;2020;REF D HB41;CO;Urban;URB/Access/40/Freeflow;0%;35.62506104;0.201480031;ØGermany;;
2020_Average_perVehCat_Bln_carOnly[4.1];pass. car;2020;REF D HB41;CO;Urban;URB/Access/40/St+Go;0%;11.82717037;0.334649235;ØGermany;;
2020_Average_perVehCat_Bln_carOnly[4.1];pass. car;2020;REF D HB41;NOx;MW;RUR/MW/>130/Freeflow;0%;142.7671356;0.737083495;ØGermany;;
2020_Average_perVehCat_Bln_carOnly[4.1];pass. car;2020;REF D HB41;NOx;MW;RUR/MW/>130/St+Go;0%;17.91503143;0.519814014;ØGermany;;
2020_Average_perVehCat_Bln_carOnly[4.1];pass. car;2020;REF D HB41;NOx;MW;URB/MW-Nat./80/Freeflow;0%;79.03366089;0.242811278;ØGermany;;
2020_Average_perVehCat_Bln_carOnly[4.1];pass. car;2020;REF D HB41;NOx;MW;URB/MW-Nat./80/St+Go;0%;15.47382641;0.561291218;ØGermany;;
2020_Average_perVehCat_Bln_carOnly[4.1];pass. car;2020;REF D HB41;NOx;Urban;URB/MW-City/60/Freeflow;0%;62.73362732;0.220467493;ØGermany;;
2020_Average_perVehCat_Bln_carOnly[4.1];pass. car;2020;REF D HB41;NOx;Urban;URB/MW-City/60/St+Go;0%;13.26994896;0.615372062;ØGermany;;
2020_Average_perVehCat_Bln_carOnly[4.1];pass. car;2020;REF D HB41;NOx;Urban;URB/MW-City/70/Freeflow;0%;69.43365479;0.231003433;ØGermany;;
2020_Average_perVehCat_Bln_carOnly[4.1];pass. car;2020;REF D HB41;NOx;Urban;URB/MW-City/70/St+Go;0%;14.39977264;0.57663852;ØGermany;;
2020_Average_perVehCat_Bln_carOnly[4.1];pass. car;2020;REF D HB41;NOx;Urban;URB/Trunk-City/50/Freeflow;0%;49.35812759;0.288880438;ØGermany;;
2020_Average_perVehCat_Bln_carOnly[4.1];pass. car;2020;REF D HB41;NOx;Urban;URB/Trunk-City/50/St+Go;0%;12.48863125;0.548070192;ØGermany;;
2020_Average_perVehCat_Bln_carOnly[4.1];pass. car;2020;REF D HB41;NOx;Urban;URB/Trunk-City/60/Freeflow;0%;57.2092247;0.316263914;ØGermany;;
2020_Average_perVehCat_Bln_carOnly[4.1];pass. car;2020;REF D HB41;NOx;Urban;URB/Trunk-City/60/St+Go;0%;12.48863316;0.548076808;ØGermany;;
2020_Average_perVehCat_Bln_carOnly[4.1];pass. car;2020;REF D HB41;NOx;Urban;URB/Distr/50/Freeflow;0%;42.95035934;0.316008627;ØGermany;;
2020_Average_perVehCat_Bln_carOnly[4.1];pass. car;2020;REF D HB41;NOx;Urban;URB/Distr/50/St+Go;0%;12.48866653;0.548083961;ØGermany;;
2020_Average_perVehCat_Bln_carOnly[4.1];pass. car;2020;REF D HB41;NOx;Urban;URB/Distr/60/Freeflow;0%;52.00070953;0.308570355;ØGermany;;
2020_Average_perVehCat_Bln_carOnly[4.1];pass. car;2020;REF D HB41;NOx;Urban;URB/Distr/60/St+Go;0%;12.48833656;0.548076928;ØGermany;;
2020_Average_perVehCat_Bln_carOnly[4.1];pass. car;2020;REF D HB41;NOx;Urban;URB/Local/50/Freeflow;0%;41.66275787;0.299246997;ØGermany;;
2020_Average_perVehCat_Bln_carOnly[4.1];pass. car;2020;REF D HB41;NOx;Urban;URB/Local/50/St+Go;0%;12.48863316;0.548087835;ØGermany;;
2020_Average_perVehCat_Bln_carOnly[4.1];pass. car;2020;REF D HB41;NOx;Urban;URB/Local/60/Freeflow;0%;51.16705322;0.310741395;ØGermany;;
2020_Average_perVehCat_Bln_carOnly[4.1];pass. car;2020;REF D HB41;NOx;Urban;URB/Local/60/St+Go;0%;12.48848057;0.548076332;ØGermany;;
2020_Average_perVehCat_Bln_carOnly[4.1];pass. car;2020;REF D HB41;NOx;Urban;URB/Access/30/Freeflow;0%;28.912714;0.33616811;ØGermany;;
2020_Average_perVehCat_Bln_carOnly[4.1];pass. car;2020;REF D HB41;NOx;Urban;URB/Access/30/St+Go;0%;9.621914864;0.580894828;ØGermany;;
2020_Average_perVehCat_Bln_carOnly[4.1];pass. car;2020;REF D HB41;NOx;Urban;URB/Access/40/Freeflow;0%;35.62506104;0.315346301;ØGermany;;
2020_Average_perVehCat_Bln_carOnly[4.1];pass. car;2020;REF D HB41;NOx;Urban;URB/Access/40/St+Go;0%;11.82717037;0.541292012;ØGermany;;
2020_Average_perVehCat_Bln_carOnly[4.1];pass. car;2020;REF D HB41;FC;MW;RUR/MW/>130/Freeflow;0%;142.7671356;72.69954681;ØGermany;;
2020_Average_perVehCat_Bln_carOnly[4.1];pass. car;2020;REF D HB41;FC;MW;RUR/MW/>130/St+Go;0%;17.91503143;78.94793701;ØGermany;;
2020_Average_perVehCat_Bln_carOnly[4.1];pass. car;2020;REF D HB41;FC;MW;URB/MW-Nat./80/Freeflow;0%;79.03366089;42.9388504;ØGermany;;
2020_Average_perVehCat_Bln_carOnly[4.1];pass. car;2020;REF D HB41;FC;MW;URB/MW-Nat./80/St+Go;0%;15.47382641;85.56195068;ØGermany;;
2020_Average_perVehCat_Bln_carOnly[4.1];pass. car;2020;REF D HB41;FC;Urban;URB/MW-City/60/Freeflow;0%;62.73362732;40.25830078;ØGermany;;
2020_Average_perVehCat_Bln_carOnly[4.1];pass. car;2020;REF D HB41;FC;Urban;URB/MW-City/60/St+Go;0%;13.26994896;93.29741669;ØGermany;;
2020_Average_perVehCat_Bln_carOnly[4.1];pass. car;2020;REF D HB41;FC;Urban;URB/MW-City/70/Freeflow;0%;69.43365479;41.53696442;ØGermany;;
2020_Average_perVehCat_Bln_carOnly[4.1];pass. car;2020;REF D HB41;FC;Urban;URB/MW-City/70/St+Go;0%;14.39977264;90.07574463;ØGermany;;
2020_Average_perVehCat_Bln_carOnly[4.1];pass. car;2020;REF D HB41;FC;Urban;URB/Trunk-City/50/Freeflow;0%;49.35812759;47.67198181;ØGermany;;
2020_Average_perVehCat_Bln_carOnly[4.1];pass. car;2020;REF D HB41;FC;Urban;URB/Trunk-City/50/St+Go;0%;12.48863125;91.23970795;ØGermany;;
2020_Average_perVehCat_Bln_carOnly[4.1];pass. car;2020;REF D HB41;FC;Urban;URB/Trunk-City/60/Freeflow;0%;57.2092247;47.62266159;ØGermany;;
2020_Average_perVehCat_Bln_carOnly[4.1];pass. car;2020;REF D HB41;FC;Urban;URB/Trunk-City/60/St+Go;0%;12.48863316;91.23615265;ØGermany;;
2020_Average_perVehCat_Bln_carOnly[4.1];pass. car;2020;REF D HB41;FC;Urban;URB/Distr/50/Freeflow;0%;42.95035934;52.90822601;ØGermany;;
2020_Average_perVehCat_Bln_carOnly[4.1];pass. car;2020;REF D HB41;FC;Urban;URB/Distr/50/St+Go;0%;12.48866653;91.25119019;ØGermany;;
2020_Average_perVehCat_Bln_carOnly[4.1];pass. car;2020;REF D HB41;FC;Urban;URB/Distr/60/Freeflow;0%;52.00070953;48.54052734;ØGermany;;
2020_Average_perVehCat_Bln_carOnly[4.1];pass. car;2020;REF D HB41;FC;Urban;URB/Distr/60/St+Go;0%;12.48833656;91.24684143;ØGermany;;
2020_Average_perVehCat_Bln_carOnly[4.1];pass. car;2020;REF D HB41;FC;Urban;URB/Local/50/Freeflow;0%;41.66275787;50.59958649;ØGermany;;
2020_Average_perVehCat_Bln_carOnly[4.1];pass. car;2020;REF D HB41;FC;Urban;URB/Local/50/St+Go;0%;12.48863316;91.26190948;ØGermany;;
2020_Average_perVehCat_Bln_carOnly[4.1];pass. car;2020;REF D HB41;FC;Urban;URB/Local/60/Freeflow;0%;51.16705322;48.86889267;ØGermany;;
2020_Average_perVehCat_Bln_carOnly[4.1];pass. car;2020;REF D HB41;FC;Urban;URB/Local/60/St+Go;0%;12.48848057;91.24660492;ØGermany;;
2020_Average_perVehCat_Bln_carOnly[4.1];pass. car;2020;REF D HB41;FC;Urban;URB/Access/30/Freeflow;0%;28.912714;56.59801102;ØGermany;;
2020_Average_perVehCat_Bln_carOnly[4.1];pass. car;2020;REF D HB41;FC;Urban;URB/Access/30/St+Go;0%;9.621914864;102.9554138;ØGermany;;
2020_Average_perVehCat_Bln_carOnly[4.1];pass. car;2020;REF D HB41;FC;Urban;URB/Access/40/Freeflow;0%;35.62506104;51.46168137;ØGermany;;
2020_Average_perVehCat_Bln_carOnly[4.1];pass. car;2020;REF D HB41;FC;Urban;URB/Access/40/St+Go;0%;11.82717037;91.13111115;ØGermany;;
2020_Average_perVehCat_Bln_carOnly[4.1];pass. car;2020;REF D HB41;FC_MJ;MW;RUR/MW/>130/Freeflow;0%;142.7671356;3.077766895;ØGermany;;
2020_Average_perVehCat_Bln_carOnly[4.1];pass. car;2020;REF D HB41;FC_MJ;MW;RUR/MW/>130/St+Go;0%;17.91503143;3.340057135;ØGermany;;
2020_Average_perVehCat_Bln_carOnly[4.1];pass. car;2020;REF D HB41;FC_MJ;MW;URB/MW-Nat./80/Freeflow;0%;79.03366089;1.817308307;ØGermany;;
2020_Average_perVehCat_Bln_carOnly[4.1];pass. car;2020;REF D HB41;FC_MJ;MW;URB/MW-Nat./80/St+Go;0%;15.47382641;3.619583368;ØGermany;;
2020_Average_perVehCat_Bln_carOnly[4.1];pass. car;2020;REF D HB41;FC_MJ;Urban;URB/MW-City/60/Freeflow;0%;62.73362732;1.705406427;ØGermany;;
2020_Average_perVehCat_Bln_carOnly[4.1];pass. car;2020;REF D HB41;FC_MJ;Urban;URB/MW-City/60/St+Go;0%;13.26994896;3.949639797;ØGermany;;
2020_Average_perVehCat_Bln_carOnly[4.1];pass. car;2020;REF D HB41;FC_MJ;Urban;URB/MW-City/70/Freeflow;0%;69.43365479;1.759695053;ØGermany;;
2020_Average_perVehCat_Bln_carOnly[4.1];pass. car;2020;REF D HB41;FC_MJ;Urban;URB/MW-City/70/St+Go;0%;14.39977264;3.813504696;ØGermany;;
2020_Average_perVehCat_Bln_carOnly[4.1];pass. car;2020;REF D HB41;FC_MJ;Urban;URB/Trunk-City/50/Freeflow;0%;49.35812759;2.019207954;ØGermany;;
2020_Average_perVehCat_Bln_carOnly[4.1];pass. car;2020;REF D HB41;FC_MJ;Urban;URB/Trunk-City/50/St+Go;0%;12.48863125;3.862347126;ØGermany;;
2020_Average_perVehCat_Bln_carOnly[4.1];pass. car;2020;REF D HB41;FC_MJ;Urban;URB/Trunk-City/60/Freeflow;0%;57.2092247;2.017291784;ØGermany;;
2020_Average_perVehCat_Bln_carOnly[4.1];pass. car;2020;REF D HB41;FC_MJ;Urban;URB/Trunk-City/60/St+Go;0%;12.48863316;3.862196445;ØGermany;;
2020_Average_perVehCat_Bln_carOnly[4.1];pass. car;2020;REF D HB41;FC_MJ;Urban;URB/Distr/50/Freeflow;0%;42.95035934;2.240181208;ØGermany;;
2020_Average_perVehCat_Bln_carOnly[4.1];pass. car;2020;REF D HB41;FC_MJ;Urban;URB/Distr/50/St+Go;0%;12.48866653;3.862832785;ØGermany;;
2020_Average_perVehCat_Bln_carOnly[4.1];pass. car;2020;REF D HB41;FC_MJ;Urban;URB/Distr/60/Freeflow;0%;52.00070953;2.055955887;ØGermany;;
2020_Average_perVehCat_Bln_carOnly[4.1];pass. car;2020;REF D HB41;FC_MJ;Urban;URB/Distr/60/St+Go;0%;12.48833656;3.862654448;ØGermany;;
2020_Average_perVehCat_Bln_carOnly[4.1];pass. car;2020;REF D HB41;FC_MJ;Urban;URB/Local/50/Freeflow;0%;41.66275787;2.142549992;ØGermany;;
2020_Average_perVehCat_Bln_carOnly[4.1];pass. car;2020;REF D HB41;FC_MJ;Urban;URB/Local/50/St+Go;0%;12.48863316;3.863288879;ØGermany;;
2020_Average_perVehCat_Bln_carOnly[4.1];pass. car;2020;REF D HB41;FC_MJ;Urban;URB/Local/60/Freeflow;0%;51.16705322;2.069866657;ØGermany;;
2020_Average_perVehCat_Bln_carOnly[4.1];pass. car;2020;REF D HB41;FC_MJ;Urban;URB/Local/60/St+Go;0%;12.48848057;3.862644434;ØGermany;;
2020_Average_perVehCat_Bln_carOnly[4.1];pass. car;2020;REF D HB41;FC_MJ;Urban;URB/Access/30/Freeflow;0%;28.912714;2.39511466;ØGermany;;
2020_Average_perVehCat_Bln_carOnly[4.1];pass. car;2020;REF D HB41;FC_MJ;Urban;URB/Access/30/St+Go;0%;9.621914864;4.35725832;ØGermany;;
2020_Average_perVehCat_Bln_carOnly[4.1];pass. car;2020;REF D HB41;FC_MJ;Urban;URB/Access/40/Freeflow;0%;35.62506104;2.17903614;ØGermany;;
2020_Average_perVehCat_Bln_carOnly[4.1];pass. car;2020;REF D HB41;FC_MJ;Urban;URB/Access/40/St+Go;0%;11.82717037;3.857312679;ØGermany;;
2020_Average_perVehCat_Bln_carOnly[4.1];pass. car;2020;REF D HB41;PM;MW;RUR/MW/>130/Freeflow;0%;142.7671356;0.006298144;ØGermany;;
2020_Average_perVehCat_Bln_carOnly[4.1];pass. car;2020;REF D HB41;PM;MW;RUR/MW/>130/St+Go;0%;17.91503143;0.004572959;ØGermany;;
2020_Average_perVehCat_Bln_carOnly[4.1];pass. car;2020;REF D HB41;PM;MW;URB/MW-Nat./80/Freeflow;0%;79.03366089;0.002348739;ØGermany;;
2020_Average_perVehCat_Bln_carOnly[4.1];pass. car;2020;REF D HB41;PM;MW;URB/MW-Nat./80/St+Go;0%;15.47382641;0.004923108;ØGermany;;
2020_Average_perVehCat_Bln_carOnly[4.1];pass. car;2020;REF D HB41;PM;Urban;URB/MW-City/60/Freeflow;0%;62.73362732;0.002007029;ØGermany;;
2020_Average_perVehCat_Bln_carOnly[4.1];pass. car;2020;REF D HB41;PM;Urban;URB/MW-City/60/St+Go;0%;13.26994896;0.005674888;ØGermany;;
2020_Average_perVehCat_Bln_carOnly[4.1];pass. car;2020;REF D HB41;PM;Urban;URB/MW-City/70/Freeflow;0%;69.43365479;0.002148424;ØGermany;;
2020_Average_perVehCat_Bln_carOnly[4.1];pass. car;2020;REF D HB41;PM;Urban;URB/MW-City/70/St+Go;0%;14.39977264;0.00512465;ØGermany;;
2020_Average_perVehCat_Bln_carOnly[4.1];pass. car;2020;REF D HB41;PM;Urban;URB/Trunk-City/50/Freeflow;0%;49.35812759;0.002621636;ØGermany;;
2020_Average_perVehCat_Bln_carOnly[4.1];pass. car;2020;REF D HB41;PM;Urban;URB/Trunk-City/50/St+Go;0%;12.48863125;0.005200113;ØGermany;;
2020_Average_perVehCat_Bln_carOnly[4.1];pass. car;2020;REF D HB41;PM;Urban;URB/Trunk-City/60/Freeflow;0%;57.2092247;0.002905586;ØGermany;;
2020_Average_perVehCat_Bln_carOnly[4.1];pass. car;2020;REF D HB41;PM;Urban;URB/Trunk-City/60/St+Go;0%;12.48863316;0.005200097;ØGermany;;
2020_Average_perVehCat_Bln_carOnly[4.1];pass. car;2020;REF D HB41;PM;Urban;URB/Distr/50/Freeflow;0%;42.95035934;0.002941737;ØGermany;;
2020_Average_perVehCat_Bln_carOnly[4.1];pass. car;2020;REF D HB41;PM;Urban;URB/Distr/50/St+Go;0%;12.48866653;0.005199909;ØGermany;;
2020_Average_perVehCat_Bln_carOnly[4.1];pass. car;2020;REF D HB41;PM;Urban;URB/Distr/60/Freeflow;0%;52.00070953;0.002679287;ØGermany;;
2020_Average_perVehCat_Bln_carOnly[4.1];pass. car;2020;REF D HB41;PM;Urban;URB/Distr/60/St+Go;0%;12.48833656;0.005200007;ØGermany;;
2020_Average_perVehCat_Bln_carOnly[4.1];pass. car;2020;REF D HB41;PM;Urban;URB/Local/50/Freeflow;0%;41.66275787;0.002823106;ØGermany;;
2020_Average_perVehCat_Bln_carOnly[4.1];pass. car;2020;REF D HB41;PM;Urban;URB/Local/50/St+Go;0%;12.48863316;0.005200097;ØGermany;;
2020_Average_perVehCat_Bln_carOnly[4.1];pass. car;2020;REF D HB41;PM;Urban;URB/Local/60/Freeflow;0%;51.16705322;0.002691184;ØGermany;;
2020_Average_perVehCat_Bln_carOnly[4.1];pass. car;2020;REF D HB41;PM;Urban;URB/Local/60/St+Go;0%;12.48848057;0.005199975;ØGermany;;
2020_Average_perVehCat_Bln_carOnly[4.1];pass. car;2020;REF D HB41;PM;Urban;URB/Access/30/Freeflow;0%;28.912714;0.003510355;ØGermany;;
2020_Average_perVehCat_Bln_carOnly[4.1];pass. car;2020;REF D HB41;PM;Urban;URB/Access/30/St+Go;0%;9.621914864;0.005853412;ØGermany;;
2020_Average_perVehCat_Bln_carOnly[4.1];pass. car;2020;REF D HB41;PM;Urban;URB/Access/40/Freeflow;0%;35.62506104;0.002905131;ØGermany;;
2020_Average_perVehCat_Bln_carOnly[4.1];pass. car;2020;REF D HB41;PM;Urban;URB/Access/40/St+Go;0%;11.82717037;0.005279412;ØGermany;;
2020_Average_perVehCat_Bln_carOnly[4.1];pass. car;2020;REF D HB41;PN;MW;RUR/MW/>130/Freeflow;0%;142.7671356;3.87367E+12;ØGermany;;
2020_Average_perVehCat_Bln_carOnly[4.1];pass. car;2020;REF D HB41;PN;MW;RUR/MW/>130/St+Go;0%;17.91503143;4.01591E+12;ØGermany;;
2020_Average_perVehCat_Bln_carOnly[4.1];pass. car;2020;REF D HB41;PN;MW;URB/MW-Nat./80/Freeflow;0%;79.03366089;2.26746E+12;ØGermany;;
2020_Average_perVehCat_Bln_carOnly[4.1];pass. car;2020;REF D HB41;PN;MW;URB/MW-Nat./80/St+Go;0%;15.47382641;4.13175E+12;ØGermany;;
2020_Average_perVehCat_Bln_carOnly[4.1];pass. car;2020;REF D HB41;PN;Urban;URB/MW-City/60/Freeflow;0%;62.73362732;1.99123E+12;ØGermany;;
2020_Average_perVehCat_Bln_carOnly[4.1];pass. car;2020;REF D HB41;PN;Urban;URB/MW-City/60/St+Go;0%;13.26994896;5.00116E+12;ØGermany;;
2020_Average_perVehCat_Bln_carOnly[4.1];pass. car;2020;REF D HB41;PN;Urban;URB/MW-City/70/Freeflow;0%;69.43365479;2.12122E+12;ØGermany;;
2020_Average_perVehCat_Bln_carOnly[4.1];pass. car;2020;REF D HB41;PN;Urban;URB/MW-City/70/St+Go;0%;14.39977264;4.50739E+12;ØGermany;;
2020_Average_perVehCat_Bln_carOnly[4.1];pass. car;2020;REF D HB41;PN;Urban;URB/Trunk-City/50/Freeflow;0%;49.35812759;2.6125E+12;ØGermany;;
2020_Average_perVehCat_Bln_carOnly[4.1];pass. car;2020;REF D HB41;PN;Urban;URB/Trunk-City/50/St+Go;0%;12.48863125;4.73836E+12;ØGermany;;
2020_Average_perVehCat_Bln_carOnly[4.1];pass. car;2020;REF D HB41;PN;Urban;URB/Trunk-City/60/Freeflow;0%;57.2092247;2.61112E+12;ØGermany;;
2020_Average_perVehCat_Bln_carOnly[4.1];pass. car;2020;REF D HB41;PN;Urban;URB/Trunk-City/60/St+Go;0%;12.48863316;4.73836E+12;ØGermany;;
2020_Average_perVehCat_Bln_carOnly[4.1];pass. car;2020;REF D HB41;PN;Urban;URB/Distr/50/Freeflow;0%;42.95035934;2.89401E+12;ØGermany;;
2020_Average_perVehCat_Bln_carOnly[4.1];pass. car;2020;REF D HB41;PN;Urban;URB/Distr/50/St+Go;0%;12.48866653;4.73823E+12;ØGermany;;
2020_Average_perVehCat_Bln_carOnly[4.1];pass. car;2020;REF D HB41;PN;Urban;URB/Distr/60/Freeflow;0%;52.00070953;2.57264E+12;ØGermany;;
2020_Average_perVehCat_Bln_carOnly[4.1];pass. car;2020;REF D HB41;PN;Urban;URB/Distr/60/St+Go;0%;12.48833656;4.73829E+12;ØGermany;;
2020_Average_perVehCat_Bln_carOnly[4.1];pass. car;2020;REF D HB41;PN;Urban;URB/Local/50/Freeflow;0%;41.66275787;2.83881E+12;ØGermany;;
2020_Average_perVehCat_Bln_carOnly[4.1];pass. car;2020;REF D HB41;PN;Urban;URB/Local/50/St+Go;0%;12.48863316;4.73836E+12;ØGermany;;
2020_Average_perVehCat_Bln_carOnly[4.1];pass. car;2020;REF D HB41;PN;Urban;URB/Local/60/Freeflow;0%;51.16705322;2.58671E+12;ØGermany;;
2020_Average_perVehCat_Bln_carOnly[4.1];pass. car;2020;REF D HB41;PN;Urban;URB/Local/60/St+Go;0%;12.48848057;4.73827E+12;ØGermany;;
2020_Average_perVehCat_Bln_carOnly[4.1];pass. car;2020;REF D HB41;PN;Urban;URB/Access/30/Freeflow;0%;28.912714;3.65987E+12;ØGermany;;
2020_Average_perVehCat_Bln_carOnly[4.1];pass. car;2020;REF D HB41;PN;Urban;URB/Access/30/St+Go;0%;9.621914864;5.27449E+12;ØGermany;;
2020_Average_perVehCat_Bln_carOnly[4.1];pass. car;2020;REF D HB41;PN;Urban;URB/Access/40/Freeflow;0%;35.62506104;2.90397E+12;ØGermany;;
2020_Average_perVehCat_Bln_carOnly[4.1];pass. car;2020;REF D HB41;PN;Urban;URB/Access/40/St+Go;0%;11.82717037;4.8108E+12;ØGermany;;
2020_Average_perVehCat_Bln_carOnly[4.1];pass. car;2020;REF D HB41;CO2(rep);MW;RUR/MW/>130/Freeflow;0%;142.7671356;210.2978668;ØGermany;;
2020_Average_perVehCat_Bln_carOnly[4.1];pass. car;2020;REF D HB41;CO2(rep);MW;RUR/MW/>130/St+Go;0%;17.91503143;228.3502808;ØGermany;;
2020_Average_perVehCat_Bln_carOnly[4.1];pass. car;2020;REF D HB41;CO2(rep);MW;URB/MW-Nat./80/Freeflow;0%;79.03366089;124.2044907;ØGermany;;
2020_Average_perVehCat_Bln_carOnly[4.1];pass. car;2020;REF D HB41;CO2(rep);MW;URB/MW-Nat./80/St+Go;0%;15.47382641;247.4441071;ØGermany;;
2020_Average_perVehCat_Bln_carOnly[4.1];pass. car;2020;REF D HB41;CO2(rep);Urban;URB/MW-City/60/Freeflow;0%;62.73362732;116.4495697;ØGermany;;
2020_Average_perVehCat_Bln_carOnly[4.1];pass. car;2020;REF D HB41;CO2(rep);Urban;URB/MW-City/60/St+Go;0%;13.26994896;269.8137817;ØGermany;;
2020_Average_perVehCat_Bln_carOnly[4.1];pass. car;2020;REF D HB41;CO2(rep);Urban;URB/MW-City/70/Freeflow;0%;69.43365479;120.1517334;ØGermany;;
2020_Average_perVehCat_Bln_carOnly[4.1];pass. car;2020;REF D HB41;CO2(rep);Urban;URB/MW-City/70/St+Go;0%;14.39977264;260.5226746;ØGermany;;
2020_Average_perVehCat_Bln_carOnly[4.1];pass. car;2020;REF D HB41;CO2(rep);Urban;URB/Trunk-City/50/Freeflow;0%;49.35812759;137.9187164;ØGermany;;
2020_Average_perVehCat_Bln_carOnly[4.1];pass. car;2020;REF D HB41;CO2(rep);Urban;URB/Trunk-City/50/St+Go;0%;12.48863125;263.8460083;ØGermany;;
2020_Average_perVehCat_Bln_carOnly[4.1];pass. car;2020;REF D HB41;CO2(rep);Urban;URB/Trunk-City/60/Freeflow;0%;57.2092247;137.768158;ØGermany;;
2020_Average_perVehCat_Bln_carOnly[4.1];pass. car;2020;REF D HB41;CO2(rep);Urban;URB/Trunk-City/60/St+Go;0%;12.48863316;263.8356018;ØGermany;;
2020_Average_perVehCat_Bln_carOnly[4.1];pass. car;2020;REF D HB41;CO2(rep);Urban;URB/Distr/50/Freeflow;0%;42.95035934;153.0312195;ØGermany;;
2020_Average_perVehCat_Bln_carOnly[4.1];pass. car;2020;REF D HB41;CO2(rep);Urban;URB/Distr/50/St+Go;0%;12.48866653;263.8792419;ØGermany;;
2020_Average_perVehCat_Bln_carOnly[4.1];pass. car;2020;REF D HB41;CO2(rep);Urban;URB/Distr/60/Freeflow;0%;52.00070953;140.4375916;ØGermany;;
2020_Average_perVehCat_Bln_carOnly[4.1];pass. car;2020;REF D HB41;CO2(rep);Urban;URB/Distr/60/St+Go;0%;12.48833656;263.8671875;ØGermany;;
2020_Average_perVehCat_Bln_carOnly[4.1];pass. car;2020;REF D HB41;CO2(rep);Urban;URB/Local/50/Freeflow;0%;41.66275787;146.3571472;ØGermany;;
2020_Average_perVehCat_Bln_carOnly[4.1];pass. car;2020;REF D HB41;CO2(rep);Urban;URB/Local/50/St+Go;0%;12.48863316;263.9105225;ØGermany;;
2020_Average_perVehCat_Bln_carOnly[4.1];pass. car;2020;REF D HB41;CO2(rep);Urban;URB/Local/60/Freeflow;0%;51.16705322;141.3887177;ØGermany;;
2020_Average_perVehCat_Bln_carOnly[4.1];pass. car;2020;REF D HB41;CO2(rep);Urban;URB/Local/60/St+Go;0%;12.48848057;263.8664856;ØGermany;;
2020_Average_perVehCat_Bln_carOnly[4.1];pass. car;2020;REF D HB41;CO2(rep);Urban;URB/Access/30/Freeflow;0%;28.912714;163.589798;ØGermany;;
2020_Average_perVehCat_Bln_carOnly[4.1];pass. car;2020;REF D HB41;CO2(rep);Urban;URB/Access/30/St+Go;0%;9.621914864;297.6124573;ØGermany;;
2020_Average_perVehCat_Bln_carOnly[4.1];pass. car;2020;REF D HB41;CO2(rep);Urban;URB/Access/40/Freeflow;0%;35.62506104;148.8463898;ØGermany;;
2020_Average_perVehCat_Bln_carOnly[4.1];pass. car;2020;REF D HB41;CO2(rep);Urban;URB/Access/40/St+Go;0%;11.82717037;263.4810486;ØGermany;;
2020_Average_perVehCat_Bln_carOnly[4.1];pass. car;2020;REF D HB41;CO2(total);MW;RUR/MW/>130/Freeflow;0%;142.7671356;224.1033478;ØGermany;;
2020_Average_perVehCat_Bln_carOnly[4.1];pass. car;2020;REF D HB41;CO2(total);MW;RUR/MW/>130/St+Go;0%;17.91503143;243.3404999;ØGermany;;
2020_Average_perVehCat_Bln_carOnly[4.1];pass. car;2020;REF D HB41;CO2(total);MW;URB/MW-Nat./80/Freeflow;0%;79.03366089;132.3625336;ØGermany;;
2020_Average_perVehCat_Bln_carOnly[4.1];pass. car;2020;REF D HB41;CO2(total);MW;URB/MW-Nat./80/St+Go;0%;15.47382641;263.6828308;ØGermany;;
2020_Average_perVehCat_Bln_carOnly[4.1];pass. car;2020;REF D HB41;CO2(total);Urban;URB/MW-City/60/Freeflow;0%;62.73362732;124.1001129;ØGermany;;
2020_Average_perVehCat_Bln_carOnly[4.1];pass. car;2020;REF D HB41;CO2(total);Urban;URB/MW-City/60/St+Go;0%;13.26994896;287.5209656;ØGermany;;
2020_Average_perVehCat_Bln_carOnly[4.1];pass. car;2020;REF D HB41;CO2(total);Urban;URB/MW-City/70/Freeflow;0%;69.43365479;128.0462799;ØGermany;;
2020_Average_perVehCat_Bln_carOnly[4.1];pass. car;2020;REF D HB41;CO2(total);Urban;URB/MW-City/70/St+Go;0%;14.39977264;277.6234131;ØGermany;;
2020_Average_perVehCat_Bln_carOnly[4.1];pass. car;2020;REF D HB41;CO2(total);Urban;URB/Trunk-City/50/Freeflow;0%;49.35812759;146.9839325;ØGermany;;
2020_Average_perVehCat_Bln_carOnly[4.1];pass. car;2020;REF D HB41;CO2(total);Urban;URB/Trunk-City/50/St+Go;0%;12.48863125;281.1572876;ØGermany;;
2020_Average_perVehCat_Bln_carOnly[4.1];pass. car;2020;REF D HB41;CO2(total);Urban;URB/Trunk-City/60/Freeflow;0%;57.2092247;146.8199768;ØGermany;;
2020_Average_perVehCat_Bln_carOnly[4.1];pass. car;2020;REF D HB41;CO2(total);Urban;URB/Trunk-City/60/St+Go;0%;12.48863316;281.1461792;ØGermany;;
2020_Average_perVehCat_Bln_carOnly[4.1];pass. car;2020;REF D HB41;CO2(total);Urban;URB/Distr/50/Freeflow;0%;42.95035934;163.08284;ØGermany;;
2020_Average_perVehCat_Bln_carOnly[4.1];pass. car;2020;REF D HB41;CO2(total);Urban;URB/Distr/50/St+Go;0%;12.48866653;281.1927795;ØGermany;;
2020_Average_perVehCat_Bln_carOnly[4.1];pass. car;2020;REF D HB41;CO2(total);Urban;URB/Distr/60/Freeflow;0%;52.00070953;149.6677246;ØGermany;;
2020_Average_perVehCat_Bln_carOnly[4.1];pass. car;2020;REF D HB41;CO2(total);Urban;URB/Distr/60/St+Go;0%;12.48833656;281.1799011;ØGermany;;
2020_Average_perVehCat_Bln_carOnly[4.1];pass. car;2020;REF D HB41;CO2(total);Urban;URB/Local/50/Freeflow;0%;41.66275787;155.973587;ØGermany;;
2020_Average_perVehCat_Bln_carOnly[4.1];pass. car;2020;REF D HB41;CO2(total);Urban;URB/Local/50/St+Go;0%;12.48863316;281.2261963;ØGermany;;
2020_Average_perVehCat_Bln_carOnly[4.1];pass. car;2020;REF D HB41;CO2(total);Urban;URB/Local/60/Freeflow;0%;51.16705322;150.6814575;ØGermany;;
2020_Average_perVehCat_Bln_carOnly[4.1];pass. car;2020;REF D HB41;CO2(total);Urban;URB/Local/60/St+Go;0%;12.48848057;281.1791687;ØGermany;;
2020_Average_perVehCat_Bln_carOnly[4.1];pass. car;2020;REF D HB41;CO2(total);Urban;URB/Access/30/Freeflow;0%;28.912714;174.3258057;ØGermany;;
2020_Average_perVehCat_Bln_carOnly[4.1];pass. car;2020;REF D HB41;CO2(total);Urban;URB/Access/30/St+Go;0%;9.621914864;317.1278076;ØGermany;;
2020_Average_perVehCat_Bln_carOnly[4.1];pass. car;2020;REF D HB41;CO2(total);Urban;URB/Access/40/Freeflow;0%;35.62506104;158.625824;ØGermany;;
2020_Average_perVehCat_Bln_carOnly[4.1];pass. car;2020;REF D HB41;CO2(total);Urban;URB/Access/40/St+Go;0%;11.82717037;280.763916;ØGermany;;
2020_Average_perVehCat_Bln_carOnly[4.1];pass. car;2020;REF D HB41;NO2;MW;RUR/MW/>130/Freeflow;0%;142.7671356;0.240073934;ØGermany;;
2020_Average_perVehCat_Bln_carOnly[4.1];pass. car;2020;REF D HB41;NO2;MW;RUR/MW/>130/St+Go;0%;17.91503143;0.16695118;ØGermany;;
2020_Average_perVehCat_Bln_carOnly[4.1];pass. car;2020;REF D HB41;NO2;MW;URB/MW-Nat./80/Freeflow;0%;79.03366089;0.077366263;ØGermany;;
2020_Average_perVehCat_Bln_carOnly[4.1];pass. car;2020;REF D HB41;NO2;MW;URB/MW-Nat./80/St+Go;0%;15.47382641;0.181539282;ØGermany;;
2020_Average_perVehCat_Bln_carOnly[4.1];pass. car;2020;REF D HB41;NO2;Urban;URB/MW-City/60/Freeflow;0%;62.73362732;0.068302013;ØGermany;;
2020_Average_perVehCat_Bln_carOnly[4.1];pass. car;2020;REF D HB41;NO2;Urban;URB/MW-City/60/St+Go;0%;13.26994896;0.19666566;ØGermany;;
2020_Average_perVehCat_Bln_carOnly[4.1];pass. car;2020;REF D HB41;NO2;Urban;URB/MW-City/70/Freeflow;0%;69.43365479;0.072815776;ØGermany;;
2020_Average_perVehCat_Bln_carOnly[4.1];pass. car;2020;REF D HB41;NO2;Urban;URB/MW-City/70/St+Go;0%;14.39977264;0.183979899;ØGermany;;
2020_Average_perVehCat_Bln_carOnly[4.1];pass. car;2020;REF D HB41;NO2;Urban;URB/Trunk-City/50/Freeflow;0%;49.35812759;0.090735368;ØGermany;;
2020_Average_perVehCat_Bln_carOnly[4.1];pass. car;2020;REF D HB41;NO2;Urban;URB/Trunk-City/50/St+Go;0%;12.48863125;0.174235001;ØGermany;;
2020_Average_perVehCat_Bln_carOnly[4.1];pass. car;2020;REF D HB41;NO2;Urban;URB/Trunk-City/60/Freeflow;0%;57.2092247;0.100090459;ØGermany;;
2020_Average_perVehCat_Bln_carOnly[4.1];pass. car;2020;REF D HB41;NO2;Urban;URB/Trunk-City/60/St+Go;0%;12.48863316;0.174237341;ØGermany;;
2020_Average_perVehCat_Bln_carOnly[4.1];pass. car;2020;REF D HB41;NO2;Urban;URB/Distr/50/Freeflow;0%;42.95035934;0.099616684;ØGermany;;
2020_Average_perVehCat_Bln_carOnly[4.1];pass. car;2020;REF D HB41;NO2;Urban;URB/Distr/50/St+Go;0%;12.48866653;0.174240217;ØGermany;;
2020_Average_perVehCat_Bln_carOnly[4.1];pass. car;2020;REF D HB41;NO2;Urban;URB/Distr/60/Freeflow;0%;52.00070953;0.097148582;ØGermany;;
2020_Average_perVehCat_Bln_carOnly[4.1];pass. car;2020;REF D HB41;NO2;Urban;URB/Distr/60/St+Go;0%;12.48833656;0.174236655;ØGermany;;
2020_Average_perVehCat_Bln_carOnly[4.1];pass. car;2020;REF D HB41;NO2;Urban;URB/Local/50/Freeflow;0%;41.66275787;0.093356177;ØGermany;;
2020_Average_perVehCat_Bln_carOnly[4.1];pass. car;2020;REF D HB41;NO2;Urban;URB/Local/50/St+Go;0%;12.48863316;0.17424117;ØGermany;;
2020_Average_perVehCat_Bln_carOnly[4.1];pass. car;2020;REF D HB41;NO2;Urban;URB/Local/60/Freeflow;0%;51.16705322;0.097860761;ØGermany;;
2020_Average_perVehCat_Bln_carOnly[4.1];pass. car;2020;REF D HB41;NO2;Urban;URB/Local/60/St+Go;0%;12.48848057;0.174236938;ØGermany;;
2020_Average_perVehCat_Bln_carOnly[4.1];pass. car;2020;REF D HB41;NO2;Urban;URB/Access/30/Freeflow;0%;28.912714;0.105142504;ØGermany;;
2020_Average_perVehCat_Bln_carOnly[4.1];pass. car;2020;REF D HB41;NO2;Urban;URB/Access/30/St+Go;0%;9.621914864;0.185019001;ØGermany;;
2020_Average_perVehCat_Bln_carOnly[4.1];pass. car;2020;REF D HB41;NO2;Urban;URB/Access/40/Freeflow;0%;35.62506104;0.097814761;ØGermany;;
2020_Average_perVehCat_Bln_carOnly[4.1];pass. car;2020;REF D HB41;NO2;Urban;URB/Access/40/St+Go;0%;11.82717037;0.172294304;ØGermany;;
2020_Average_perVehCat_Bln_carOnly[4.1];pass. car;2020;REF D HB41;CH4;MW;RUR/MW/>130/Freeflow;0%;142.7671356;0.010891717;ØGermany;;
2020_Average_perVehCat_Bln_carOnly[4.1];pass. car;2020;REF D HB41;CH4;MW;RUR/MW/>130/St+Go;0%;17.91503143;0.008817188;ØGermany;;
2020_Average_perVehCat_Bln_carOnly[4.1];pass. car;2020;REF D HB41;CH4;MW;URB/MW-Nat./80/Freeflow;0%;79.03366089;0.003980488;ØGermany;;
2020_Average_perVehCat_Bln_carOnly[4.1];pass. car;2020;REF D HB41;CH4;MW;URB/MW-Nat./80/St+Go;0%;15.47382641;0.009503722;ØGermany;;
2020_Average_perVehCat_Bln_carOnly[4.1];pass. car;2020;REF D HB41;CH4;Urban;URB/MW-City/60/Freeflow;0%;62.73362732;0.003471174;ØGermany;;
2020_Average_perVehCat_Bln_carOnly[4.1];pass. car;2020;REF D HB41;CH4;Urban;URB/MW-City/60/St+Go;0%;13.26994896;0.010603664;ØGermany;;
2020_Average_perVehCat_Bln_carOnly[4.1];pass. car;2020;REF D HB41;CH4;Urban;URB/MW-City/70/Freeflow;0%;69.43365479;0.003572678;ØGermany;;
2020_Average_perVehCat_Bln_carOnly[4.1];pass. car;2020;REF D HB41;CH4;Urban;URB/MW-City/70/St+Go;0%;14.39977264;0.009882256;ØGermany;;
2020_Average_perVehCat_Bln_carOnly[4.1];pass. car;2020;REF D HB41;CH4;Urban;URB/Trunk-City/50/Freeflow;0%;49.35812759;0.004903179;ØGermany;;
2020_Average_perVehCat_Bln_carOnly[4.1];pass. car;2020;REF D HB41;CH4;Urban;URB/Trunk-City/50/St+Go;0%;12.48863125;0.009582364;ØGermany;;
2020_Average_perVehCat_Bln_carOnly[4.1];pass. car;2020;REF D HB41;CH4;Urban;URB/Trunk-City/60/Freeflow;0%;57.2092247;0.00543192;ØGermany;;
2020_Average_perVehCat_Bln_carOnly[4.1];pass. car;2020;REF D HB41;CH4;Urban;URB/Trunk-City/60/St+Go;0%;12.48863316;0.009582363;ØGermany;;
2020_Average_perVehCat_Bln_carOnly[4.1];pass. car;2020;REF D HB41;CH4;Urban;URB/Distr/50/Freeflow;0%;42.95035934;0.005500205;ØGermany;;
2020_Average_perVehCat_Bln_carOnly[4.1];pass. car;2020;REF D HB41;CH4;Urban;URB/Distr/50/St+Go;0%;12.48866653;0.009582357;ØGermany;;
2020_Average_perVehCat_Bln_carOnly[4.1];pass. car;2020;REF D HB41;CH4;Urban;URB/Distr/60/Freeflow;0%;52.00070953;0.005336616;ØGermany;;
2020_Average_perVehCat_Bln_carOnly[4.1];pass. car;2020;REF D HB41;CH4;Urban;URB/Distr/60/St+Go;0%;12.48833656;0.009582641;ØGermany;;
2020_Average_perVehCat_Bln_carOnly[4.1];pass. car;2020;REF D HB41;CH4;Urban;URB/Local/50/Freeflow;0%;41.66275787;0.005049523;ØGermany;;
2020_Average_perVehCat_Bln_carOnly[4.1];pass. car;2020;REF D HB41;CH4;Urban;URB/Local/50/St+Go;0%;12.48863316;0.009582363;ØGermany;;
2020_Average_perVehCat_Bln_carOnly[4.1];pass. car;2020;REF D HB41;CH4;Urban;URB/Local/60/Freeflow;0%;51.16705322;0.005349901;ØGermany;;
2020_Average_perVehCat_Bln_carOnly[4.1];pass. car;2020;REF D HB41;CH4;Urban;URB/Local/60/St+Go;0%;12.48848057;0.009582394;ØGermany;;
2020_Average_perVehCat_Bln_carOnly[4.1];pass. car;2020;REF D HB41;CH4;Urban;URB/Access/30/Freeflow;0%;28.912714;0.005606087;ØGermany;;
2020_Average_perVehCat_Bln_carOnly[4.1];pass. car;2020;REF D HB41;CH4;Urban;URB/Access/30/St+Go;0%;9.621914864;0.010227989;ØGermany;;
2020_Average_perVehCat_Bln_carOnly[4.1];pass. car;2020;REF D HB41;CH4;Urban;URB/Access/40/Freeflow;0%;35.62506104;0.005367944;ØGermany;;
2020_Average_perVehCat_Bln_carOnly[4.1];pass. car;2020;REF D HB41;CH4;Urban;URB/Access/40/St+Go;0%;11.82717037;0.009367513;ØGermany;;
2020_Average_perVehCat_Bln_carOnly[4.1];pass. car;2020;REF D HB41;NMHC;MW;RUR/MW/>130/Freeflow;0%;142.7671356;0.014285563;ØGermany;;
2020_Average_perVehCat_Bln_carOnly[4.1];pass. car;2020;REF D HB41;NMHC;MW;RUR/MW/>130/St+Go;0%;17.91503143;0.011374289;ØGermany;;
2020_Average_perVehCat_Bln_carOnly[4.1];pass. car;2020;REF D HB41;NMHC;MW;URB/MW-Nat./80/Freeflow;0%;79.03366089;0.004136336;ØGermany;;
2020_Average_perVehCat_Bln_carOnly[4.1];pass. car;2020;REF D HB41;NMHC;MW;URB/MW-Nat./80/St+Go;0%;15.47382641;0.01290454;ØGermany;;
2020_Average_perVehCat_Bln_carOnly[4.1];pass. car;2020;REF D HB41;NMHC;Urban;URB/MW-City/60/Freeflow;0%;62.73362732;0.003749762;ØGermany;;
2020_Average_perVehCat_Bln_carOnly[4.1];pass. car;2020;REF D HB41;NMHC;Urban;URB/MW-City/60/St+Go;0%;13.26994896;0.014255192;ØGermany;;
2020_Average_perVehCat_Bln_carOnly[4.1];pass. car;2020;REF D HB41;NMHC;Urban;URB/MW-City/70/Freeflow;0%;69.43365479;0.003929913;ØGermany;;
2020_Average_perVehCat_Bln_carOnly[4.1];pass. car;2020;REF D HB41;NMHC;Urban;URB/MW-City/70/St+Go;0%;14.39977264;0.01329108;ØGermany;;
2020_Average_perVehCat_Bln_carOnly[4.1];pass. car;2020;REF D HB41;NMHC;Urban;URB/Trunk-City/50/Freeflow;0%;49.35812759;0.005086887;ØGermany;;
2020_Average_perVehCat_Bln_carOnly[4.1];pass. car;2020;REF D HB41;NMHC;Urban;URB/Trunk-City/50/St+Go;0%;12.48863125;0.013056727;ØGermany;;
2020_Average_perVehCat_Bln_carOnly[4.1];pass. car;2020;REF D HB41;NMHC;Urban;URB/Trunk-City/60/Freeflow;0%;57.2092247;0.006074116;ØGermany;;
2020_Average_perVehCat_Bln_carOnly[4.1];pass. car;2020;REF D HB41;NMHC;Urban;URB/Trunk-City/60/St+Go;0%;12.48863316;0.01305672;ØGermany;;
2020_Average_perVehCat_Bln_carOnly[4.1];pass. car;2020;REF D HB41;NMHC;Urban;URB/Distr/50/Freeflow;0%;42.95035934;0.00574068;ØGermany;;
2020_Average_perVehCat_Bln_carOnly[4.1];pass. car;2020;REF D HB41;NMHC;Urban;URB/Distr/50/St+Go;0%;12.48866653;0.013056472;ØGermany;;
2020_Average_perVehCat_Bln_carOnly[4.1];pass. car;2020;REF D HB41;NMHC;Urban;URB/Distr/60/Freeflow;0%;52.00070953;0.005408768;ØGermany;;
2020_Average_perVehCat_Bln_carOnly[4.1];pass. car;2020;REF D HB41;NMHC;Urban;URB/Distr/60/St+Go;0%;12.48833656;0.01305838;ØGermany;;
2020_Average_perVehCat_Bln_carOnly[4.1];pass. car;2020;REF D HB41;NMHC;Urban;URB/Local/50/Freeflow;0%;41.66275787;0.00542044;ØGermany;;
2020_Average_perVehCat_Bln_carOnly[4.1];pass. car;2020;REF D HB41;NMHC;Urban;URB/Local/50/St+Go;0%;12.48863316;0.01305672;ØGermany;;
2020_Average_perVehCat_Bln_carOnly[4.1];pass. car;2020;REF D HB41;NMHC;Urban;URB/Local/60/Freeflow;0%;51.16705322;0.005439514;ØGermany;;
2020_Average_perVehCat_Bln_carOnly[4.1];pass. car;2020;REF D HB41;NMHC;Urban;URB/Local/60/St+Go;0%;12.48848057;0.013056583;ØGermany;;
2020_Average_perVehCat_Bln_carOnly[4.1];pass. car;2020;REF D HB41;NMHC;Urban;URB/Access/30/Freeflow;0%;28.912714;0.006422661;ØGermany;;
2020_Average_perVehCat_Bln_carOnly[4.1];pass. car;2020;REF D HB41;NMHC;Urban;URB/Access/30/St+Go;0%;9.621914864;0.015153583;ØGermany;;
2020_Average_perVehCat_Bln_carOnly[4.1];pass. car;2020;REF D HB41;NMHC;Urban;URB/Access/40/Freeflow;0%;35.62506104;0.005897895;ØGermany;;
2020_Average_perVehCat_Bln_carOnly[4.1];pass. car;2020;REF D HB41;NMHC;Urban;URB/Access/40/St+Go;0%;11.82717037;0.013096165;ØGermany;;
2020_Average_perVehCat_Bln_carOnly[4.1];pass. car;2020;REF D HB41;Pb;MW;RUR/MW/>130/Freeflow;0%;142.7671356;0;ØGermany;;
2020_Average_perVehCat_Bln_carOnly[4.1];pass. car;2020;REF D HB41;Pb;MW;RUR/MW/>130/St+Go;0%;17.91503143;0;ØGermany;;
2020_Average_perVehCat_Bln_carOnly[4.1];pass. car;2020;REF D HB41;Pb;MW;URB/MW-Nat./80/Freeflow;0%;79.03366089;0;ØGermany;;
2020_Average_perVehCat_Bln_carOnly[4.1];pass. car;2020;REF D HB41;Pb;MW;URB/MW-Nat./80/St+Go;0%;15.47382641;0;ØGermany;;
2020_Average_perVehCat_Bln_carOnly[4.1];pass. car;2020;REF D HB41;Pb;Urban;URB/MW-City/60/Freeflow;0%;62.73362732;0;ØGermany;;
2020_Average_perVehCat_Bln_carOnly[4.1];pass. car;2020;REF D HB41;Pb;Urban;URB/MW-City/60/St+Go;0%;13.26994896;0;ØGermany;;
2020_Average_perVehCat_Bln_carOnly[4.1];pass. car;2020;REF D HB41;Pb;Urban;URB/MW-City/70/Freeflow;0%;69.43365479;0;ØGermany;;
2020_Average_perVehCat_Bln_carOnly[4.1];pass. car;2020;REF D HB41;Pb;Urban;URB/MW-City/70/St+Go;0%;14.39977264;0;ØGermany;;
2020_Average_perVehCat_Bln_carOnly[4.1];pass. car;2020;REF D HB41;Pb;Urban;URB/Trunk-City/50/Freeflow;0%;49.35812759;0;ØGermany;;
2020_Average_perVehCat_Bln_carOnly[4.1];pass. car;2020;REF D HB41;Pb;Urban;URB/Trunk-City/50/St+Go;0%;12.48863125;0;ØGermany;;
2020_Average_perVehCat_Bln_carOnly[4.1];pass. car;2020;REF D HB41;Pb;Urban;URB/Trunk-City/60/Freeflow;0%;57.2092247;0;ØGermany;;
2020_Average_perVehCat_Bln_carOnly[4.1];pass. car;2020;REF D HB41;Pb;Urban;URB/Trunk-City/60/St+Go;0%;12.48863316;0;ØGermany;;
2020_Average_perVehCat_Bln_carOnly[4.1];pass. car;2020;REF D HB41;Pb;Urban;URB/Distr/50/Freeflow;0%;42.95035934;0;ØGermany;;
2020_Average_perVehCat_Bln_carOnly[4.1];pass. car;2020;REF D HB41;Pb;Urban;URB/Distr/50/St+Go;0%;12.48866653;0;ØGermany;;
2020_Average_perVehCat_Bln_carOnly[4.1];pass. car;2020;REF D HB41;Pb;Urban;URB/Distr/60/Freeflow;0%;52.00070953;0;ØGermany;;
2020_Average_perVehCat_Bln_carOnly[4.1];pass. car;2020;REF D HB41;Pb;Urban;URB/Distr/60/St+Go;0%;12.48833656;0;ØGermany;;
2020_Average_perVehCat_Bln_carOnly[4.1];pass. car;2020;REF D HB41;Pb;Urban;URB/Local/50/Freeflow;0%;41.66275787;0;ØGermany;;
2020_Average_perVehCat_Bln_carOnly[4.1];pass. car;2020;REF D HB41;Pb;Urban;URB/Local/50/St+Go;0%;12.48863316;0;ØGermany;;
2020_Average_perVehCat_Bln_carOnly[4.1];pass. car;2020;REF D HB41;Pb;Urban;URB/Local/60/Freeflow;0%;51.16705322;0;ØGermany;;
2020_Average_perVehCat_Bln_carOnly[4.1];pass. car;2020;REF D HB41;Pb;Urban;URB/Local/60/St+Go;0%;12.48848057;0;ØGermany;;
2020_Average_perVehCat_Bln_carOnly[4.1];pass. car;2020;REF D HB41;Pb;Urban;URB/Access/30/Freeflow;0%;28.912714;0;ØGermany;;
2020_Average_perVehCat_Bln_carOnly[4.1];pass. car;2020;REF D HB41;Pb;Urban;URB/Access/30/St+Go;0%;9.621914864;0;ØGermany;;
2020_Average_perVehCat_Bln_carOnly[4.1];pass. car;2020;REF D HB41;Pb;Urban;URB/Access/40/Freeflow;0%;35.62506104;0;ØGermany;;
2020_Average_perVehCat_Bln_carOnly[4.1];pass. car;2020;REF D HB41;Pb;Urban;URB/Access/40/St+Go;0%;11.82717037;0;ØGermany;;
2020_Average_perVehCat_Bln_carOnly[4.1];pass. car;2020;REF D HB41;SO2;MW;RUR/MW/>130/Freeflow;0%;142.7671356;0.001088728;ØGermany;;
2020_Average_perVehCat_Bln_carOnly[4.1];pass. car;2020;REF D HB41;SO2;MW;RUR/MW/>130/St+Go;0%;17.91503143;0.001181526;ØGermany;;
2020_Average_perVehCat_Bln_carOnly[4.1];pass. car;2020;REF D HB41;SO2;MW;URB/MW-Nat./80/Freeflow;0%;79.03366089;0.000643123;ØGermany;;
2020_Average_perVehCat_Bln_carOnly[4.1];pass. car;2020;REF D HB41;SO2;MW;URB/MW-Nat./80/St+Go;0%;15.47382641;0.001279229;ØGermany;;
2020_Average_perVehCat_Bln_carOnly[4.1];pass. car;2020;REF D HB41;SO2;Urban;URB/MW-City/60/Freeflow;0%;62.73362732;0.00060298;ØGermany;;
2020_Average_perVehCat_Bln_carOnly[4.1];pass. car;2020;REF D HB41;SO2;Urban;URB/MW-City/60/St+Go;0%;13.26994896;0.001394793;ØGermany;;
2020_Average_perVehCat_Bln_carOnly[4.1];pass. car;2020;REF D HB41;SO2;Urban;URB/MW-City/70/Freeflow;0%;69.43365479;0.00062226;ØGermany;;
2020_Average_perVehCat_Bln_carOnly[4.1];pass. car;2020;REF D HB41;SO2;Urban;URB/MW-City/70/St+Go;0%;14.39977264;0.001347515;ØGermany;;
2020_Average_perVehCat_Bln_carOnly[4.1];pass. car;2020;REF D HB41;SO2;Urban;URB/Trunk-City/50/Freeflow;0%;49.35812759;0.000714889;ØGermany;;
2020_Average_perVehCat_Bln_carOnly[4.1];pass. car;2020;REF D HB41;SO2;Urban;URB/Trunk-City/50/St+Go;0%;12.48863125;0.001363335;ØGermany;;
2020_Average_perVehCat_Bln_carOnly[4.1];pass. car;2020;REF D HB41;SO2;Urban;URB/Trunk-City/60/Freeflow;0%;57.2092247;0.000713767;ØGermany;;
2020_Average_perVehCat_Bln_carOnly[4.1];pass. car;2020;REF D HB41;SO2;Urban;URB/Trunk-City/60/St+Go;0%;12.48863316;0.001363282;ØGermany;;
2020_Average_perVehCat_Bln_carOnly[4.1];pass. car;2020;REF D HB41;SO2;Urban;URB/Distr/50/Freeflow;0%;42.95035934;0.000792098;ØGermany;;
2020_Average_perVehCat_Bln_carOnly[4.1];pass. car;2020;REF D HB41;SO2;Urban;URB/Distr/50/St+Go;0%;12.48866653;0.001363512;ØGermany;;
2020_Average_perVehCat_Bln_carOnly[4.1];pass. car;2020;REF D HB41;SO2;Urban;URB/Distr/60/Freeflow;0%;52.00070953;0.000728064;ØGermany;;
2020_Average_perVehCat_Bln_carOnly[4.1];pass. car;2020;REF D HB41;SO2;Urban;URB/Distr/60/St+Go;0%;12.48833656;0.001363459;ØGermany;;
2020_Average_perVehCat_Bln_carOnly[4.1];pass. car;2020;REF D HB41;SO2;Urban;URB/Local/50/Freeflow;0%;41.66275787;0.000757755;ØGermany;;
2020_Average_perVehCat_Bln_carOnly[4.1];pass. car;2020;REF D HB41;SO2;Urban;URB/Local/50/St+Go;0%;12.48863316;0.001363682;ØGermany;;
2020_Average_perVehCat_Bln_carOnly[4.1];pass. car;2020;REF D HB41;SO2;Urban;URB/Local/60/Freeflow;0%;51.16705322;0.000733022;ØGermany;;
2020_Average_perVehCat_Bln_carOnly[4.1];pass. car;2020;REF D HB41;SO2;Urban;URB/Local/60/St+Go;0%;12.48848057;0.001363456;ØGermany;;
2020_Average_perVehCat_Bln_carOnly[4.1];pass. car;2020;REF D HB41;SO2;Urban;URB/Access/30/Freeflow;0%;28.912714;0.000843662;ØGermany;;
2020_Average_perVehCat_Bln_carOnly[4.1];pass. car;2020;REF D HB41;SO2;Urban;URB/Access/30/St+Go;0%;9.621914864;0.001534709;ØGermany;;
2020_Average_perVehCat_Bln_carOnly[4.1];pass. car;2020;REF D HB41;SO2;Urban;URB/Access/40/Freeflow;0%;35.62506104;0.000770516;ØGermany;;
2020_Average_perVehCat_Bln_carOnly[4.1];pass. car;2020;REF D HB41;SO2;Urban;URB/Access/40/St+Go;0%;11.82717037;0.001360084;ØGermany;;
2020_Average_perVehCat_Bln_carOnly[4.1];pass. car;2020;REF D HB41;N2O;MW;RUR/MW/>130/Freeflow;0%;142.1406403;0.002721452;ØGermany;;
2020_Average_perVehCat_Bln_carOnly[4.1];pass. car;2020;REF D HB41;N2O;MW;RUR/MW/>130/St+Go;0%;17.83633041;0.007775603;ØGermany;;
2020_Average_perVehCat_Bln_carOnly[4.1];pass. car;2020;REF D HB41;N2O;MW;URB/MW-Nat./80/Freeflow;0%;78.68677521;0.004824755;ØGermany;;
2020_Average_perVehCat_Bln_carOnly[4.1];pass. car;2020;REF D HB41;N2O;MW;URB/MW-Nat./80/St+Go;0%;15.40591431;0.007775603;ØGermany;;
2020_Average_perVehCat_Bln_carOnly[4.1];pass. car;2020;REF D HB41;N2O;Urban;URB/MW-City/60/Freeflow;0%;62.25963211;0.004822957;ØGermany;;
2020_Average_perVehCat_Bln_carOnly[4.1];pass. car;2020;REF D HB41;N2O;Urban;URB/MW-City/60/St+Go;0%;13.16962624;0.007768795;ØGermany;;
2020_Average_perVehCat_Bln_carOnly[4.1];pass. car;2020;REF D HB41;N2O;Urban;URB/MW-City/70/Freeflow;0%;68.90903473;0.004822957;ØGermany;;
2020_Average_perVehCat_Bln_carOnly[4.1];pass. car;2020;REF D HB41;N2O;Urban;URB/MW-City/70/St+Go;0%;14.29090595;0.007768795;ØGermany;;
2020_Average_perVehCat_Bln_carOnly[4.1];pass. car;2020;REF D HB41;N2O;Urban;URB/Trunk-City/50/Freeflow;0%;48.98519516;0.004822957;ØGermany;;
2020_Average_perVehCat_Bln_carOnly[4.1];pass. car;2020;REF D HB41;N2O;Urban;URB/Trunk-City/50/St+Go;0%;12.39429951;0.007768795;ØGermany;;
2020_Average_perVehCat_Bln_carOnly[4.1];pass. car;2020;REF D HB41;N2O;Urban;URB/Trunk-City/60/Freeflow;0%;56.77616501;0.004822957;ØGermany;;
2020_Average_perVehCat_Bln_carOnly[4.1];pass. car;2020;REF D HB41;N2O;Urban;URB/Trunk-City/60/St+Go;0%;12.39430141;0.007768795;ØGermany;;
2020_Average_perVehCat_Bln_carOnly[4.1];pass. car;2020;REF D HB41;N2O;Urban;URB/Distr/50/Freeflow;0%;42.62583923;0.004822957;ØGermany;;
2020_Average_perVehCat_Bln_carOnly[4.1];pass. car;2020;REF D HB41;N2O;Urban;URB/Distr/50/St+Go;0%;12.39433479;0.007768795;ØGermany;;
2020_Average_perVehCat_Bln_carOnly[4.1];pass. car;2020;REF D HB41;N2O;Urban;URB/Distr/60/Freeflow;0%;51.60782623;0.004822957;ØGermany;;
2020_Average_perVehCat_Bln_carOnly[4.1];pass. car;2020;REF D HB41;N2O;Urban;URB/Distr/60/St+Go;0%;12.39400482;0.007768795;ØGermany;;
2020_Average_perVehCat_Bln_carOnly[4.1];pass. car;2020;REF D HB41;N2O;Urban;URB/Local/50/Freeflow;0%;41.34796906;0.004822957;ØGermany;;
2020_Average_perVehCat_Bln_carOnly[4.1];pass. car;2020;REF D HB41;N2O;Urban;URB/Local/50/St+Go;0%;12.39430141;0.007768795;ØGermany;;
2020_Average_perVehCat_Bln_carOnly[4.1];pass. car;2020;REF D HB41;N2O;Urban;URB/Local/60/Freeflow;0%;50.78046799;0.004822957;ØGermany;;
2020_Average_perVehCat_Bln_carOnly[4.1];pass. car;2020;REF D HB41;N2O;Urban;URB/Local/60/St+Go;0%;12.39414883;0.007768795;ØGermany;;
2020_Average_perVehCat_Bln_carOnly[4.1];pass. car;2020;REF D HB41;N2O;Urban;URB/Access/30/Freeflow;0%;28.69425774;0.007768795;ØGermany;;
2020_Average_perVehCat_Bln_carOnly[4.1];pass. car;2020;REF D HB41;N2O;Urban;URB/Access/30/St+Go;0%;9.549217224;0.007768795;ØGermany;;
2020_Average_perVehCat_Bln_carOnly[4.1];pass. car;2020;REF D HB41;N2O;Urban;URB/Access/40/Freeflow;0%;35.35588837;0.004822957;ØGermany;;
2020_Average_perVehCat_Bln_carOnly[4.1];pass. car;2020;REF D HB41;N2O;Urban;URB/Access/40/St+Go;0%;11.73780823;0.007768795;ØGermany;;
2020_Average_perVehCat_Bln_carOnly[4.1];pass. car;2020;REF D HB41;NH3;MW;RUR/MW/>130/Freeflow;0%;142.1406403;0.023116527;ØGermany;;
2020_Average_perVehCat_Bln_carOnly[4.1];pass. car;2020;REF D HB41;NH3;MW;RUR/MW/>130/St+Go;0%;17.83633041;0.010844279;ØGermany;;
2020_Average_perVehCat_Bln_carOnly[4.1];pass. car;2020;REF D HB41;NH3;MW;URB/MW-Nat./80/Freeflow;0%;78.68677521;0.014293608;ØGermany;;
2020_Average_perVehCat_Bln_carOnly[4.1];pass. car;2020;REF D HB41;NH3;MW;URB/MW-Nat./80/St+Go;0%;15.40591431;0.010844279;ØGermany;;
2020_Average_perVehCat_Bln_carOnly[4.1];pass. car;2020;REF D HB41;NH3;Urban;URB/MW-City/60/Freeflow;0%;62.25963211;0.014256096;ØGermany;;
2020_Average_perVehCat_Bln_carOnly[4.1];pass. car;2020;REF D HB41;NH3;Urban;URB/MW-City/60/St+Go;0%;13.16962624;0.01076703;ØGermany;;
2020_Average_perVehCat_Bln_carOnly[4.1];pass. car;2020;REF D HB41;NH3;Urban;URB/MW-City/70/Freeflow;0%;68.90903473;0.014256096;ØGermany;;
2020_Average_perVehCat_Bln_carOnly[4.1];pass. car;2020;REF D HB41;NH3;Urban;URB/MW-City/70/St+Go;0%;14.29090595;0.01076703;ØGermany;;
2020_Average_perVehCat_Bln_carOnly[4.1];pass. car;2020;REF D HB41;NH3;Urban;URB/Trunk-City/50/Freeflow;0%;48.98519516;0.014256096;ØGermany;;
2020_Average_perVehCat_Bln_carOnly[4.1];pass. car;2020;REF D HB41;NH3;Urban;URB/Trunk-City/50/St+Go;0%;12.39429951;0.01076703;ØGermany;;
2020_Average_perVehCat_Bln_carOnly[4.1];pass. car;2020;REF D HB41;NH3;Urban;URB/Trunk-City/60/Freeflow;0%;56.77616501;0.014256096;ØGermany;;
2020_Average_perVehCat_Bln_carOnly[4.1];pass. car;2020;REF D HB41;NH3;Urban;URB/Trunk-City/60/St+Go;0%;12.39430141;0.01076703;ØGermany;;
2020_Average_perVehCat_Bln_carOnly[4.1];pass. car;2020;REF D HB41;NH3;Urban;URB/Distr/50/Freeflow;0%;42.62583923;0.014256096;ØGermany;;
2020_Average_perVehCat_Bln_carOnly[4.1];pass. car;2020;REF D HB41;NH3;Urban;URB/Distr/50/St+Go;0%;12.39433479;0.01076703;ØGermany;;
2020_Average_perVehCat_Bln_carOnly[4.1];pass. car;2020;REF D HB41;NH3;Urban;URB/Distr/60/Freeflow;0%;51.60782623;0.014256096;ØGermany;;
2020_Average_perVehCat_Bln_carOnly[4.1];pass. car;2020;REF D HB41;NH3;Urban;URB/Distr/60/St+Go;0%;12.39400482;0.01076703;ØGermany;;
2020_Average_perVehCat_Bln_carOnly[4.1];pass. car;2020;REF D HB41;NH3;Urban;URB/Local/50/Freeflow;0%;41.34796906;0.014256096;ØGermany;;
2020_Average_perVehCat_Bln_carOnly[4.1];pass. car;2020;REF D HB41;NH3;Urban;URB/Local/50/St+Go;0%;12.39430141;0.01076703;ØGermany;;
2020_Average_perVehCat_Bln_carOnly[4.1];pass. car;2020;REF D HB41;NH3;Urban;URB/Local/60/Freeflow;0%;50.78046799;0.014256096;ØGermany;;
2020_Average_perVehCat_Bln_carOnly[4.1];pass. car;2020;REF D HB41;NH3;Urban;URB/Local/60/St+Go;0%;12.39414883;0.01076703;ØGermany;;
2020_Average_perVehCat_Bln_carOnly[4.1];pass. car;2020;REF D HB41;NH3;Urban;URB/Access/30/Freeflow;0%;28.69425774;0.01076703;ØGermany;;
2020_Average_perVehCat_Bln_carOnly[4.1];pass. car;2020;REF D HB41;NH3;Urban;URB/Access/30/St+Go;0%;9.549217224;0.01076703;ØGermany;;
2020_Average_perVehCat_Bln_carOnly[4.1];pass. car;2020;REF D HB41;NH3;Urban;URB/Access/40/Freeflow;0%;35.35588837;0.014256096;ØGermany;;
2020_Average_perVehCat_Bln_carOnly[4.1];pass. car;2020;REF D HB41;NH3;Urban;URB/Access/40/St+Go;0%;11.73780823;0.01076703;ØGermany;;
2020_Average_perVehCat_Bln_carOnly[4.1];pass. car;2020;REF D HB41;PM (non-exhaust);MW;RUR/MW/>130/Freeflow;0%;142.7671356;0.029999999;ØGermany;;
2020_Average_perVehCat_Bln_carOnly[4.1];pass. car;2020;REF D HB41;PM (non-exhaust);MW;RUR/MW/>130/St+Go;0%;17.91503143;0.029999999;ØGermany;;
2020_Average_perVehCat_Bln_carOnly[4.1];pass. car;2020;REF D HB41;PM (non-exhaust);MW;URB/MW-Nat./80/Freeflow;0%;79.03366089;0.029999999;ØGermany;;
2020_Average_perVehCat_Bln_carOnly[4.1];pass. car;2020;REF D HB41;PM (non-exhaust);MW;URB/MW-Nat./80/St+Go;0%;15.47382641;0.029999999;ØGermany;;
2020_Average_perVehCat_Bln_carOnly[4.1];pass. car;2020;REF D HB41;PM (non-exhaust);Urban;URB/MW-City/60/Freeflow;0%;62.73362732;0.030000003;ØGermany;;
2020_Average_perVehCat_Bln_carOnly[4.1];pass. car;2020;REF D HB41;PM (non-exhaust);Urban;URB/MW-City/60/St+Go;0%;13.26994896;0.030000003;ØGermany;;
2020_Average_perVehCat_Bln_carOnly[4.1];pass. car;2020;REF D HB41;PM (non-exhaust);Urban;URB/MW-City/70/Freeflow;0%;69.43365479;0.030000003;ØGermany;;
2020_Average_perVehCat_Bln_carOnly[4.1];pass. car;2020;REF D HB41;PM (non-exhaust);Urban;URB/MW-City/70/St+Go;0%;14.39977264;0.030000003;ØGermany;;
2020_Average_perVehCat_Bln_carOnly[4.1];pass. car;2020;REF D HB41;PM (non-exhaust);Urban;URB/Trunk-City/50/Freeflow;0%;49.35812759;0.025999999;ØGermany;;
2020_Average_perVehCat_Bln_carOnly[4.1];pass. car;2020;REF D HB41;PM (non-exhaust);Urban;URB/Trunk-City/50/St+Go;0%;12.48863125;0.044999994;ØGermany;;
2020_Average_perVehCat_Bln_carOnly[4.1];pass. car;2020;REF D HB41;PM (non-exhaust);Urban;URB/Trunk-City/60/Freeflow;0%;57.2092247;0.025999999;ØGermany;;
2020_Average_perVehCat_Bln_carOnly[4.1];pass. car;2020;REF D HB41;PM (non-exhaust);Urban;URB/Trunk-City/60/St+Go;0%;12.48863316;0.044999994;ØGermany;;
2020_Average_perVehCat_Bln_carOnly[4.1];pass. car;2020;REF D HB41;PM (non-exhaust);Urban;URB/Distr/50/Freeflow;0%;42.95035934;0.025999999;ØGermany;;
2020_Average_perVehCat_Bln_carOnly[4.1];pass. car;2020;REF D HB41;PM (non-exhaust);Urban;URB/Distr/50/St+Go;0%;12.48866653;0.044999994;ØGermany;;
2020_Average_perVehCat_Bln_carOnly[4.1];pass. car;2020;REF D HB41;PM (non-exhaust);Urban;URB/Distr/60/Freeflow;0%;52.00070953;0.025999999;ØGermany;;
2020_Average_perVehCat_Bln_carOnly[4.1];pass. car;2020;REF D HB41;PM (non-exhaust);Urban;URB/Distr/60/St+Go;0%;12.48833656;0.044999994;ØGermany;;
2020_Average_perVehCat_Bln_carOnly[4.1];pass. car;2020;REF D HB41;PM (non-exhaust);Urban;URB/Local/50/Freeflow;0%;41.66275787;0.025999999;ØGermany;;
2020_Average_perVehCat_Bln_carOnly[4.1];pass. car;2020;REF D HB41;PM (non-exhaust);Urban;URB/Local/50/St+Go;0%;12.48863316;0.044999994;ØGermany;;
2020_Average_perVehCat_Bln_carOnly[4.1];pass. car;2020;REF D HB41;PM (non-exhaust);Urban;URB/Local/60/Freeflow;0%;51.16705322;0.025999999;ØGermany;;
2020_Average_perVehCat_Bln_carOnly[4.1];pass. car;2020;REF D HB41;PM (non-exhaust);Urban;URB/Local/60/St+Go;0%;12.48848057;0.044999994;ØGermany;;
2020_Average_perVehCat_Bln_carOnly[4.1];pass. car;2020;REF D HB41;PM (non-exhaust);Urban;URB/Access/30/Freeflow;0%;28.912714;0.025999999;ØGermany;;
2020_Average_perVehCat_Bln_carOnly[4.1];pass. car;2020;REF D HB41;PM (non-exhaust);Urban;URB/Access/30/St+Go;0%;9.621914864;0.044999994;ØGermany;;
2020_Average_perVehCat_Bln_carOnly[4.1];pass. car;2020;REF D HB41;PM (non-exhaust);Urban;URB/Access/40/Freeflow;0%;35.62506104;0.030000003;ØGermany;;
2020_Average_perVehCat_Bln_carOnly[4.1];pass. car;2020;REF D HB41;PM (non-exhaust);Urban;URB/Access/40/St+Go;0%;11.82717037;0.044999994;ØGermany;;
2020_Average_perVehCat_Bln_carOnly[4.1];pass. car;2020;REF D HB41;Benzene;MW;RUR/MW/>130/Freeflow;0%;142.7671356;0.000831699;ØGermany;;
2020_Average_perVehCat_Bln_carOnly[4.1];pass. car;2020;REF D HB41;Benzene;MW;RUR/MW/>130/St+Go;0%;17.91503143;0.000861143;ØGermany;;
2020_Average_perVehCat_Bln_carOnly[4.1];pass. car;2020;REF D HB41;Benzene;MW;URB/MW-Nat./80/Freeflow;0%;79.03366089;0.000256489;ØGermany;;
2020_Average_perVehCat_Bln_carOnly[4.1];pass. car;2020;REF D HB41;Benzene;MW;URB/MW-Nat./80/St+Go;0%;15.47382641;0.000995752;ØGermany;;
2020_Average_perVehCat_Bln_carOnly[4.1];pass. car;2020;REF D HB41;Benzene;Urban;URB/MW-City/60/Freeflow;0%;62.73362732;0.000214333;ØGermany;;
2020_Average_perVehCat_Bln_carOnly[4.1];pass. car;2020;REF D HB41;Benzene;Urban;URB/MW-City/60/St+Go;0%;13.26994896;0.001075703;ØGermany;;
2020_Average_perVehCat_Bln_carOnly[4.1];pass. car;2020;REF D HB41;Benzene;Urban;URB/MW-City/70/Freeflow;0%;69.43365479;0.000223966;ØGermany;;
2020_Average_perVehCat_Bln_carOnly[4.1];pass. car;2020;REF D HB41;Benzene;Urban;URB/MW-City/70/St+Go;0%;14.39977264;0.001021922;ØGermany;;
2020_Average_perVehCat_Bln_carOnly[4.1];pass. car;2020;REF D HB41;Benzene;Urban;URB/Trunk-City/50/Freeflow;0%;49.35812759;0.000302175;ØGermany;;
2020_Average_perVehCat_Bln_carOnly[4.1];pass. car;2020;REF D HB41;Benzene;Urban;URB/Trunk-City/50/St+Go;0%;12.48863125;0.000944885;ØGermany;;
2020_Average_perVehCat_Bln_carOnly[4.1];pass. car;2020;REF D HB41;Benzene;Urban;URB/Trunk-City/60/Freeflow;0%;57.2092247;0.000390979;ØGermany;;
2020_Average_perVehCat_Bln_carOnly[4.1];pass. car;2020;REF D HB41;Benzene;Urban;URB/Trunk-City/60/St+Go;0%;12.48863316;0.000944885;ØGermany;;
2020_Average_perVehCat_Bln_carOnly[4.1];pass. car;2020;REF D HB41;Benzene;Urban;URB/Distr/50/Freeflow;0%;42.95035934;0.000349543;ØGermany;;
2020_Average_perVehCat_Bln_carOnly[4.1];pass. car;2020;REF D HB41;Benzene;Urban;URB/Distr/50/St+Go;0%;12.48866653;0.000944881;ØGermany;;
2020_Average_perVehCat_Bln_carOnly[4.1];pass. car;2020;REF D HB41;Benzene;Urban;URB/Distr/60/Freeflow;0%;52.00070953;0.000342543;ØGermany;;
2020_Average_perVehCat_Bln_carOnly[4.1];pass. car;2020;REF D HB41;Benzene;Urban;URB/Distr/60/St+Go;0%;12.48833656;0.000945145;ØGermany;;
2020_Average_perVehCat_Bln_carOnly[4.1];pass. car;2020;REF D HB41;Benzene;Urban;URB/Local/50/Freeflow;0%;41.66275787;0.000317855;ØGermany;;
2020_Average_perVehCat_Bln_carOnly[4.1];pass. car;2020;REF D HB41;Benzene;Urban;URB/Local/50/St+Go;0%;12.48863316;0.000944885;ØGermany;;
2020_Average_perVehCat_Bln_carOnly[4.1];pass. car;2020;REF D HB41;Benzene;Urban;URB/Local/60/Freeflow;0%;51.16705322;0.000344036;ØGermany;;
2020_Average_perVehCat_Bln_carOnly[4.1];pass. car;2020;REF D HB41;Benzene;Urban;URB/Local/60/St+Go;0%;12.48848057;0.000944888;ØGermany;;
2020_Average_perVehCat_Bln_carOnly[4.1];pass. car;2020;REF D HB41;Benzene;Urban;URB/Access/30/Freeflow;0%;28.912714;0.000330896;ØGermany;;
2020_Average_perVehCat_Bln_carOnly[4.1];pass. car;2020;REF D HB41;Benzene;Urban;URB/Access/30/St+Go;0%;9.621914864;0.001101722;ØGermany;;
2020_Average_perVehCat_Bln_carOnly[4.1];pass. car;2020;REF D HB41;Benzene;Urban;URB/Access/40/Freeflow;0%;35.62506104;0.000355002;ØGermany;;
2020_Average_perVehCat_Bln_carOnly[4.1];pass. car;2020;REF D HB41;Benzene;Urban;URB/Access/40/St+Go;0%;11.82717037;0.000930057;ØGermany;;
2020_Average_perVehCat_Bln_carOnly[4.1];pass. car;2020;REF D HB41;PM2.5;MW;RUR/MW/>130/Freeflow;0%;142.7671356;0.006298144;ØGermany;;
2020_Average_perVehCat_Bln_carOnly[4.1];pass. car;2020;REF D HB41;PM2.5;MW;RUR/MW/>130/St+Go;0%;17.91503143;0.004572959;ØGermany;;
2020_Average_perVehCat_Bln_carOnly[4.1];pass. car;2020;REF D HB41;PM2.5;MW;URB/MW-Nat./80/Freeflow;0%;79.03366089;0.002348739;ØGermany;;
2020_Average_perVehCat_Bln_carOnly[4.1];pass. car;2020;REF D HB41;PM2.5;MW;URB/MW-Nat./80/St+Go;0%;15.47382641;0.004923108;ØGermany;;
2020_Average_perVehCat_Bln_carOnly[4.1];pass. car;2020;REF D HB41;PM2.5;Urban;URB/MW-City/60/Freeflow;0%;62.73362732;0.002007029;ØGermany;;
2020_Average_perVehCat_Bln_carOnly[4.1];pass. car;2020;REF D HB41;PM2.5;Urban;URB/MW-City/60/St+Go;0%;13.26994896;0.005674888;ØGermany;;
2020_Average_perVehCat_Bln_carOnly[4.1];pass. car;2020;REF D HB41;PM2.5;Urban;URB/MW-City/70/Freeflow;0%;69.43365479;0.002148424;ØGermany;;
2020_Average_perVehCat_Bln_carOnly[4.1];pass. car;2020;REF D HB41;PM2.5;Urban;URB/MW-City/70/St+Go;0%;14.39977264;0.00512465;ØGermany;;
2020_Average_perVehCat_Bln_carOnly[4.1];pass. car;2020;REF D HB41;PM2.5;Urban;URB/Trunk-City/50/Freeflow;0%;49.35812759;0.002621636;ØGermany;;
2020_Average_perVehCat_Bln_carOnly[4.1];pass. car;2020;REF D HB41;PM2.5;Urban;URB/Trunk-City/50/St+Go;0%;12.48863125;0.005200113;ØGermany;;
2020_Average_perVehCat_Bln_carOnly[4.1];pass. car;2020;REF D HB41;PM2.5;Urban;URB/Trunk-City/60/Freeflow;0%;57.2092247;0.002905586;ØGermany;;
2020_Average_perVehCat_Bln_carOnly[4.1];pass. car;2020;REF D HB41;PM2.5;Urban;URB/Trunk-City/60/St+Go;0%;12.48863316;0.005200097;ØGermany;;
2020_Average_perVehCat_Bln_carOnly[4.1];pass. car;2020;REF D HB41;PM2.5;Urban;URB/Distr/50/Freeflow;0%;42.95035934;0.002941737;ØGermany;;
2020_Average_perVehCat_Bln_carOnly[4.1];pass. car;2020;REF D HB41;PM2.5;Urban;URB/Distr/50/St+Go;0%;12.48866653;0.005199909;ØGermany;;
2020_Average_perVehCat_Bln_carOnly[4.1];pass. car;2020;REF D HB41;PM2.5;Urban;URB/Distr/60/Freeflow;0%;52.00070953;0.002679287;ØGermany;;
2020_Average_perVehCat_Bln_carOnly[4.1];pass. car;2020;REF D HB41;PM2.5;Urban;URB/Distr/60/St+Go;0%;12.48833656;0.005200007;ØGermany;;
2020_Average_perVehCat_Bln_carOnly[4.1];pass. car;2020;REF D HB41;PM2.5;Urban;URB/Local/50/Freeflow;0%;41.66275787;0.002823106;ØGermany;;
2020_Average_perVehCat_Bln_carOnly[4.1];pass. car;2020;REF D HB41;PM2.5;Urban;URB/Local/50/St+Go;0%;12.48863316;0.005200097;ØGermany;;
2020_Average_perVehCat_Bln_carOnly[4.1];pass. car;2020;REF D HB41;PM2.5;Urban;URB/Local/60/Freeflow;0%;51.16705322;0.002691184;ØGermany;;
2020_Average_perVehCat_Bln_carOnly[4.1];pass. car;2020;REF D HB41;PM2.5;Urban;URB/Local/60/St+Go;0%;12.48848057;0.005199975;ØGermany;;
2020_Average_perVehCat_Bln_carOnly[4.1];pass. car;2020;REF D HB41;PM2.5;Urban;URB/Access/30/Freeflow;0%;28.912714;0.003510355;ØGermany;;
2020_Average_perVehCat_Bln_carOnly[4.1];pass. car;2020;REF D HB41;PM2.5;Urban;URB/Access/30/St+Go;0%;9.621914864;0.005853412;ØGermany;;
2020_Average_perVehCat_Bln_carOnly[4.1];pass. car;2020;REF D HB41;PM2.5;Urban;URB/Access/40/Freeflow;0%;35.62506104;0.002905131;ØGermany;;
2020_Average_perVehCat_Bln_carOnly[4.1];pass. car;2020;REF D HB41;PM2.5;Urban;URB/Access/40/St+Go;0%;11.82717037;0.005279412;ØGermany;;
2020_Average_perVehCat_Bln_carOnly[4.1];pass. car;2020;REF D HB41;BC (exhaust);MW;RUR/MW/>130/Freeflow;0%;142.7671356;0.002685562;ØGermany;;
2020_Average_perVehCat_Bln_carOnly[4.1];pass. car;2020;REF D HB41;BC (exhaust);MW;RUR/MW/>130/St+Go;0%;17.91503143;0.002528566;ØGermany;;
2020_Average_perVehCat_Bln_carOnly[4.1];pass. car;2020;REF D HB41;BC (exhaust);MW;URB/MW-Nat./80/Freeflow;0%;79.03366089;0.001395544;ØGermany;;
2020_Average_perVehCat_Bln_carOnly[4.1];pass. car;2020;REF D HB41;BC (exhaust);MW;URB/MW-Nat./80/St+Go;0%;15.47382641;0.002647127;ØGermany;;
2020_Average_perVehCat_Bln_carOnly[4.1];pass. car;2020;REF D HB41;BC (exhaust);Urban;URB/MW-City/60/Freeflow;0%;62.73362732;0.001181028;ØGermany;;
2020_Average_perVehCat_Bln_carOnly[4.1];pass. car;2020;REF D HB41;BC (exhaust);Urban;URB/MW-City/60/St+Go;0%;13.26994896;0.00307843;ØGermany;;
2020_Average_perVehCat_Bln_carOnly[4.1];pass. car;2020;REF D HB41;BC (exhaust);Urban;URB/MW-City/70/Freeflow;0%;69.43365479;0.001246909;ØGermany;;
2020_Average_perVehCat_Bln_carOnly[4.1];pass. car;2020;REF D HB41;BC (exhaust);Urban;URB/MW-City/70/St+Go;0%;14.39977264;0.002837624;ØGermany;;
2020_Average_perVehCat_Bln_carOnly[4.1];pass. car;2020;REF D HB41;BC (exhaust);Urban;URB/Trunk-City/50/Freeflow;0%;49.35812759;0.001519785;ØGermany;;
2020_Average_perVehCat_Bln_carOnly[4.1];pass. car;2020;REF D HB41;BC (exhaust);Urban;URB/Trunk-City/50/St+Go;0%;12.48863125;0.002941431;ØGermany;;
2020_Average_perVehCat_Bln_carOnly[4.1];pass. car;2020;REF D HB41;BC (exhaust);Urban;URB/Trunk-City/60/Freeflow;0%;57.2092247;0.001560842;ØGermany;;
2020_Average_perVehCat_Bln_carOnly[4.1];pass. car;2020;REF D HB41;BC (exhaust);Urban;URB/Trunk-City/60/St+Go;0%;12.48863316;0.002941421;ØGermany;;
2020_Average_perVehCat_Bln_carOnly[4.1];pass. car;2020;REF D HB41;BC (exhaust);Urban;URB/Distr/50/Freeflow;0%;42.95035934;0.001746395;ØGermany;;
2020_Average_perVehCat_Bln_carOnly[4.1];pass. car;2020;REF D HB41;BC (exhaust);Urban;URB/Distr/50/St+Go;0%;12.48866653;0.002941289;ØGermany;;
2020_Average_perVehCat_Bln_carOnly[4.1];pass. car;2020;REF D HB41;BC (exhaust);Urban;URB/Distr/60/Freeflow;0%;52.00070953;0.001556388;ØGermany;;
2020_Average_perVehCat_Bln_carOnly[4.1];pass. car;2020;REF D HB41;BC (exhaust);Urban;URB/Distr/60/St+Go;0%;12.48833656;0.002941357;ØGermany;;
2020_Average_perVehCat_Bln_carOnly[4.1];pass. car;2020;REF D HB41;BC (exhaust);Urban;URB/Local/50/Freeflow;0%;41.66275787;0.001651847;ØGermany;;
2020_Average_perVehCat_Bln_carOnly[4.1];pass. car;2020;REF D HB41;BC (exhaust);Urban;URB/Local/50/St+Go;0%;12.48863316;0.002941421;ØGermany;;
2020_Average_perVehCat_Bln_carOnly[4.1];pass. car;2020;REF D HB41;BC (exhaust);Urban;URB/Local/60/Freeflow;0%;51.16705322;0.001561187;ØGermany;;
2020_Average_perVehCat_Bln_carOnly[4.1];pass. car;2020;REF D HB41;BC (exhaust);Urban;URB/Local/60/St+Go;0%;12.48848057;0.002941338;ØGermany;;
2020_Average_perVehCat_Bln_carOnly[4.1];pass. car;2020;REF D HB41;BC (exhaust);Urban;URB/Access/30/Freeflow;0%;28.912714;0.002020634;ØGermany;;
2020_Average_perVehCat_Bln_carOnly[4.1];pass. car;2020;REF D HB41;BC (exhaust);Urban;URB/Access/30/St+Go;0%;9.621914864;0.003251363;ØGermany;;
2020_Average_perVehCat_Bln_carOnly[4.1];pass. car;2020;REF D HB41;BC (exhaust);Urban;URB/Access/40/Freeflow;0%;35.62506104;0.001664252;ØGermany;;
2020_Average_perVehCat_Bln_carOnly[4.1];pass. car;2020;REF D HB41;BC (exhaust);Urban;URB/Access/40/St+Go;0%;11.82717037;0.002938976;ØGermany;;
2020_Average_perVehCat_Bln_carOnly[4.1];pass. car;2020;REF D HB41;PM2.5 (non-exhaust);MW;RUR/MW/>130/Freeflow;0%;142.7671356;0.008999998;ØGermany;;
2020_Average_perVehCat_Bln_carOnly[4.1];pass. car;2020;REF D HB41;PM2.5 (non-exhaust);MW;RUR/MW/>130/St+Go;0%;17.91503143;0.015;ØGermany;;
2020_Average_perVehCat_Bln_carOnly[4.1];pass. car;2020;REF D HB41;PM2.5 (non-exhaust);MW;URB/MW-Nat./80/Freeflow;0%;79.03366089;0.010000001;ØGermany;;
2020_Average_perVehCat_Bln_carOnly[4.1];pass. car;2020;REF D HB41;PM2.5 (non-exhaust);MW;URB/MW-Nat./80/St+Go;0%;15.47382641;0.015;ØGermany;;
2020_Average_perVehCat_Bln_carOnly[4.1];pass. car;2020;REF D HB41;PM2.5 (non-exhaust);Urban;URB/MW-City/60/Freeflow;0%;62.73362732;0.012000001;ØGermany;;
2020_Average_perVehCat_Bln_carOnly[4.1];pass. car;2020;REF D HB41;PM2.5 (non-exhaust);Urban;URB/MW-City/60/St+Go;0%;13.26994896;0.015000002;ØGermany;;
2020_Average_perVehCat_Bln_carOnly[4.1];pass. car;2020;REF D HB41;PM2.5 (non-exhaust);Urban;URB/MW-City/70/Freeflow;0%;69.43365479;0.012000001;ØGermany;;
2020_Average_perVehCat_Bln_carOnly[4.1];pass. car;2020;REF D HB41;PM2.5 (non-exhaust);Urban;URB/MW-City/70/St+Go;0%;14.39977264;0.015000002;ØGermany;;
2020_Average_perVehCat_Bln_carOnly[4.1];pass. car;2020;REF D HB41;PM2.5 (non-exhaust);Urban;URB/Trunk-City/50/Freeflow;0%;49.35812759;0.014;ØGermany;;
2020_Average_perVehCat_Bln_carOnly[4.1];pass. car;2020;REF D HB41;PM2.5 (non-exhaust);Urban;URB/Trunk-City/50/St+Go;0%;12.48863125;0.015000002;ØGermany;;
2020_Average_perVehCat_Bln_carOnly[4.1];pass. car;2020;REF D HB41;PM2.5 (non-exhaust);Urban;URB/Trunk-City/60/Freeflow;0%;57.2092247;0.012999999;ØGermany;;
2020_Average_perVehCat_Bln_carOnly[4.1];pass. car;2020;REF D HB41;PM2.5 (non-exhaust);Urban;URB/Trunk-City/60/St+Go;0%;12.48863316;0.015000002;ØGermany;;
2020_Average_perVehCat_Bln_carOnly[4.1];pass. car;2020;REF D HB41;PM2.5 (non-exhaust);Urban;URB/Distr/50/Freeflow;0%;42.95035934;0.015000002;ØGermany;;
2020_Average_perVehCat_Bln_carOnly[4.1];pass. car;2020;REF D HB41;PM2.5 (non-exhaust);Urban;URB/Distr/50/St+Go;0%;12.48866653;0.015000002;ØGermany;;
2020_Average_perVehCat_Bln_carOnly[4.1];pass. car;2020;REF D HB41;PM2.5 (non-exhaust);Urban;URB/Distr/60/Freeflow;0%;52.00070953;0.014;ØGermany;;
2020_Average_perVehCat_Bln_carOnly[4.1];pass. car;2020;REF D HB41;PM2.5 (non-exhaust);Urban;URB/Distr/60/St+Go;0%;12.48833656;0.015000002;ØGermany;;
2020_Average_perVehCat_Bln_carOnly[4.1];pass. car;2020;REF D HB41;PM2.5 (non-exhaust);Urban;URB/Local/50/Freeflow;0%;41.66275787;0.014;ØGermany;;
2020_Average_perVehCat_Bln_carOnly[4.1];pass. car;2020;REF D HB41;PM2.5 (non-exhaust);Urban;URB/Local/50/St+Go;0%;12.48863316;0.015000002;ØGermany;;
2020_Average_perVehCat_Bln_carOnly[4.1];pass. car;2020;REF D HB41;PM2.5 (non-exhaust);Urban;URB/Local/60/Freeflow;0%;51.16705322;0.014;ØGermany;;
2020_Average_perVehCat_Bln_carOnly[4.1];pass. car;2020;REF D HB41;PM2.5 (non-exhaust);Urban;URB/Local/60/St+Go;0%;12.48848057;0.015000002;ØGermany;;
2020_Average_perVehCat_Bln_carOnly[4.1];pass. car;2020;REF D HB41;PM2.5 (non-exhaust);Urban;URB/Access/30/Freeflow;0%;28.912714;0.015000002;ØGermany;;
2020_Average_perVehCat_Bln_carOnly[4.1];pass. car;2020;REF D HB41;PM2.5 (non-exhaust);Urban;URB/Access/30/St+Go;0%;9.621914864;0.015000002;ØGermany;;
2020_Average_perVehCat_Bln_carOnly[4.1];pass. car;2020;REF D HB41;PM2.5 (non-exhaust);Urban;URB/Access/40/Freeflow;0%;35.62506104;0.015000002;ØGermany;;
2020_Average_perVehCat_Bln_carOnly[4.1];pass. car;2020;REF D HB41;PM2.5 (non-exhaust);Urban;URB/Access/40/St+Go;0%;11.82717037;0.015000002;ØGermany;;
2020_Average_perVehCat_Bln_carOnly[4.1];pass. car;2020;REF D HB41;BC (non-exhaust);MW;RUR/MW/>130/Freeflow;0%;142.7671356;0.0009;ØGermany;;
2020_Average_perVehCat_Bln_carOnly[4.1];pass. car;2020;REF D HB41;BC (non-exhaust);MW;RUR/MW/>130/St+Go;0%;17.91503143;0.0015;ØGermany;;
2020_Average_perVehCat_Bln_carOnly[4.1];pass. car;2020;REF D HB41;BC (non-exhaust);MW;URB/MW-Nat./80/Freeflow;0%;79.03366089;0.001;ØGermany;;
2020_Average_perVehCat_Bln_carOnly[4.1];pass. car;2020;REF D HB41;BC (non-exhaust);MW;URB/MW-Nat./80/St+Go;0%;15.47382641;0.0015;ØGermany;;
2020_Average_perVehCat_Bln_carOnly[4.1];pass. car;2020;REF D HB41;BC (non-exhaust);Urban;URB/MW-City/60/Freeflow;0%;62.73362732;0.0012;ØGermany;;
2020_Average_perVehCat_Bln_carOnly[4.1];pass. car;2020;REF D HB41;BC (non-exhaust);Urban;URB/MW-City/60/St+Go;0%;13.26994896;0.0015;ØGermany;;
2020_Average_perVehCat_Bln_carOnly[4.1];pass. car;2020;REF D HB41;BC (non-exhaust);Urban;URB/MW-City/70/Freeflow;0%;69.43365479;0.0012;ØGermany;;
2020_Average_perVehCat_Bln_carOnly[4.1];pass. car;2020;REF D HB41;BC (non-exhaust);Urban;URB/MW-City/70/St+Go;0%;14.39977264;0.0015;ØGermany;;
2020_Average_perVehCat_Bln_carOnly[4.1];pass. car;2020;REF D HB41;BC (non-exhaust);Urban;URB/Trunk-City/50/Freeflow;0%;49.35812759;0.0014;ØGermany;;
2020_Average_perVehCat_Bln_carOnly[4.1];pass. car;2020;REF D HB41;BC (non-exhaust);Urban;URB/Trunk-City/50/St+Go;0%;12.48863125;0.0015;ØGermany;;
2020_Average_perVehCat_Bln_carOnly[4.1];pass. car;2020;REF D HB41;BC (non-exhaust);Urban;URB/Trunk-City/60/Freeflow;0%;57.2092247;0.0013;ØGermany;;
2020_Average_perVehCat_Bln_carOnly[4.1];pass. car;2020;REF D HB41;BC (non-exhaust);Urban;URB/Trunk-City/60/St+Go;0%;12.48863316;0.0015;ØGermany;;
2020_Average_perVehCat_Bln_carOnly[4.1];pass. car;2020;REF D HB41;BC (non-exhaust);Urban;URB/Distr/50/Freeflow;0%;42.95035934;0.0015;ØGermany;;
2020_Average_perVehCat_Bln_carOnly[4.1];pass. car;2020;REF D HB41;BC (non-exhaust);Urban;URB/Distr/50/St+Go;0%;12.48866653;0.0015;ØGermany;;
2020_Average_perVehCat_Bln_carOnly[4.1];pass. car;2020;REF D HB41;BC (non-exhaust);Urban;URB/Distr/60/Freeflow;0%;52.00070953;0.0014;ØGermany;;
2020_Average_perVehCat_Bln_carOnly[4.1];pass. car;2020;REF D HB41;BC (non-exhaust);Urban;URB/Distr/60/St+Go;0%;12.48833656;0.0015;ØGermany;;
2020_Average_perVehCat_Bln_carOnly[4.1];pass. car;2020;REF D HB41;BC (non-exhaust);Urban;URB/Local/50/Freeflow;0%;41.66275787;0.0014;ØGermany;;
2020_Average_perVehCat_Bln_carOnly[4.1];pass. car;2020;REF D HB41;BC (non-exhaust);Urban;URB/Local/50/St+Go;0%;12.48863316;0.0015;ØGermany;;
2020_Average_perVehCat_Bln_carOnly[4.1];pass. car;2020;REF D HB41;BC (non-exhaust);Urban;URB/Local/60/Freeflow;0%;51.16705322;0.0014;ØGermany;;
2020_Average_perVehCat_Bln_carOnly[4.1];pass. car;2020;REF D HB41;BC (non-exhaust);Urban;URB/Local/60/St+Go;0%;12.48848057;0.0015;ØGermany;;
2020_Average_perVehCat_Bln_carOnly[4.1];pass. car;2020;REF D HB41;BC (non-exhaust);Urban;URB/Access/30/Freeflow;0%;28.912714;0.0015;ØGermany;;
2020_Average_perVehCat_Bln_carOnly[4.1];pass. car;2020;REF D HB41;BC (non-exhaust);Urban;URB/Access/30/St+Go;0%;9.621914864;0.0015;ØGermany;;
2020_Average_perVehCat_Bln_carOnly[4.1];pass. car;2020;REF D HB41;BC (non-exhaust);Urban;URB/Access/40/Freeflow;0%;35.62506104;0.0015;ØGermany;;
2020_Average_perVehCat_Bln_carOnly[4.1];pass. car;2020;REF D HB41;BC (non-exhaust);Urban;URB/Access/40/St+Go;0%;11.82717037;0.0015;ØGermany;;
2020_Average_perVehCat_Bln_carOnly[4.1];pass. car;2020;REF D HB41;CO2e;MW;RUR/MW/>130/Freeflow;0%;142.7671356;211.3811493;ØGermany;50.61061859;261.9917603
2020_Average_perVehCat_Bln_carOnly[4.1];pass. car;2020;REF D HB41;CO2e;MW;RUR/MW/>130/St+Go;0%;17.91503143;230.8878479;ØGermany;54.69047928;285.5783386
2020_Average_perVehCat_Bln_carOnly[4.1];pass. car;2020;REF D HB41;CO2e;MW;URB/MW-Nat./80/Freeflow;0%;79.03366089;125.7417984;ØGermany;29.83016586;155.5719604
2020_Average_perVehCat_Bln_carOnly[4.1];pass. car;2020;REF D HB41;CO2e;MW;URB/MW-Nat./80/St+Go;0%;15.47382641;249.9988098;ØGermany;59.25878906;309.2575989
2020_Average_perVehCat_Bln_carOnly[4.1];pass. car;2020;REF D HB41;CO2e;Urban;URB/MW-City/60/Freeflow;0%;62.73362732;117.9735947;ØGermany;28.16047859;146.134079
2020_Average_perVehCat_Bln_carOnly[4.1];pass. car;2020;REF D HB41;CO2e;Urban;URB/MW-City/60/St+Go;0%;13.26994896;272.3938599;ØGermany;64.96657562;337.3604431
2020_Average_perVehCat_Bln_carOnly[4.1];pass. car;2020;REF D HB41;CO2e;Urban;URB/MW-City/70/Freeflow;0%;69.43365479;121.6783066;ØGermany;29.06762123;150.7459259
2020_Average_perVehCat_Bln_carOnly[4.1];pass. car;2020;REF D HB41;CO2e;Urban;URB/MW-City/70/St+Go;0%;14.39977264;263.0848694;ØGermany;62.73761368;325.8224792
2020_Average_perVehCat_Bln_carOnly[4.1];pass. car;2020;REF D HB41;CO2e;Urban;URB/Trunk-City/50/Freeflow;0%;49.35812759;139.4785461;ØGermany;33.29774094;172.7762909
2020_Average_perVehCat_Bln_carOnly[4.1];pass. car;2020;REF D HB41;CO2e;Urban;URB/Trunk-City/50/St+Go;0%;12.48863125;266.4006042;ØGermany;63.52134323;329.921936
2020_Average_perVehCat_Bln_carOnly[4.1];pass. car;2020;REF D HB41;CO2e;Urban;URB/Trunk-City/60/Freeflow;0%;57.2092247;139.3411865;ØGermany;33.29014206;172.6313324
2020_Average_perVehCat_Bln_carOnly[4.1];pass. car;2020;REF D HB41;CO2e;Urban;URB/Trunk-City/60/St+Go;0%;12.48863316;266.3902283;ØGermany;63.51889038;329.9091187
2020_Average_perVehCat_Bln_carOnly[4.1];pass. car;2020;REF D HB41;CO2e;Urban;URB/Distr/50/Freeflow;0%;42.95035934;154.6059875;ØGermany;36.87837982;191.484375
2020_Average_perVehCat_Bln_carOnly[4.1];pass. car;2020;REF D HB41;CO2e;Urban;URB/Distr/50/St+Go;0%;12.48866653;266.4338379;ØGermany;63.52927017;329.9631042
2020_Average_perVehCat_Bln_carOnly[4.1];pass. car;2020;REF D HB41;CO2e;Urban;URB/Distr/60/Freeflow;0%;52.00070953;142.0082397;ØGermany;33.89560318;175.9038391
2020_Average_perVehCat_Bln_carOnly[4.1];pass. car;2020;REF D HB41;CO2e;Urban;URB/Distr/60/St+Go;0%;12.48833656;266.421814;ØGermany;63.52649689;329.9483032
2020_Average_perVehCat_Bln_carOnly[4.1];pass. car;2020;REF D HB41;CO2e;Urban;URB/Local/50/Freeflow;0%;41.66275787;147.9206543;ØGermany;35.2808342;183.2014923
2020_Average_perVehCat_Bln_carOnly[4.1];pass. car;2020;REF D HB41;CO2e;Urban;URB/Local/50/St+Go;0%;12.48863316;266.4651184;ØGermany;63.5367775;330.0018921
2020_Average_perVehCat_Bln_carOnly[4.1];pass. car;2020;REF D HB41;CO2e;Urban;URB/Local/60/Freeflow;0%;51.16705322;142.959671;ØGermany;34.12461853;177.0842896
2020_Average_perVehCat_Bln_carOnly[4.1];pass. car;2020;REF D HB41;CO2e;Urban;URB/Local/60/St+Go;0%;12.48848057;266.4211121;ØGermany;63.52633667;329.9474487
2020_Average_perVehCat_Bln_carOnly[4.1];pass. car;2020;REF D HB41;CO2e;Urban;URB/Access/30/Freeflow;0%;28.912714;166.0450439;ØGermany;39.36083603;205.4058838
2020_Average_perVehCat_Bln_carOnly[4.1];pass. car;2020;REF D HB41;CO2e;Urban;URB/Access/30/St+Go;0%;9.621914864;300.1832275;ØGermany;71.62277222;371.8059998
2020_Average_perVehCat_Bln_carOnly[4.1];pass. car;2020;REF D HB41;CO2e;Urban;URB/Access/40/Freeflow;0%;35.62506104;150.4179077;ØGermany;35.88246918;186.3003845
2020_Average_perVehCat_Bln_carOnly[4.1];pass. car;2020;REF D HB41;CO2e;Urban;URB/Access/40/St+Go;0%;11.82717037;266.030304;ØGermany;63.42465973;329.4549561
